# Digitized from Fig. 1 of Rana et al. (2020), IEEE BIBE 2020, doi:10.1109/BIBE50027.2020.00020
# 600 dpi rasterization of PDF page 4; colour separation; 0.5 h bins. See digitize_rana2020.py for method and caveats.
# spread_au is the half-height of the marker cloud in the bin (digitization uncertainty); n_px_cols is the number of pixel columns merged into the bin.
curve,time_h,ThT_au,spread_au,n_px_cols
addition_24h,5.9217,0.03838,0.0,2
addition_24h,6.3203,0.01806,0.01129,3
addition_24h,6.7189,0.02032,0.01411,4
addition_24h,7.2313,0.02371,0.01693,5
addition_24h,7.7438,0.02371,0.01693,4
addition_24h,8.2562,0.02258,0.01806,5
addition_24h,8.7687,0.02258,0.01806,4
addition_24h,9.2242,0.02314,0.01693,4
addition_24h,9.7367,0.01919,0.01242,5
addition_24h,10.2491,0.01637,0.01072,4
addition_24h,10.7616,0.01806,0.01129,5
addition_24h,11.274,0.01863,0.01185,4
addition_24h,11.7295,0.01919,0.01242,4
addition_24h,12.242,0.01806,0.01129,5
addition_24h,12.7544,0.01806,0.01129,4
addition_24h,13.2669,0.01806,0.01129,5
addition_24h,13.7794,0.01863,0.01355,4
addition_24h,14.2349,0.02371,0.01693,4
addition_24h,14.7473,0.02371,0.01693,5
addition_24h,15.2598,0.02371,0.01693,4
addition_24h,15.7153,0.02371,0.01693,4
addition_24h,16.2278,0.02371,0.01693,5
addition_24h,16.7402,0.02484,0.01806,4
addition_24h,17.2527,0.02371,0.01693,5
addition_24h,17.7651,0.02427,0.01524,4
addition_24h,18.2206,0.02653,0.01919,4
addition_24h,18.7331,0.02709,0.01919,5
addition_24h,19.2456,0.0254,0.01637,4
addition_24h,19.758,0.02371,0.01693,5
addition_24h,20.2705,0.03274,0.01355,4
addition_24h,20.726,0.03048,0.0175,4
addition_24h,21.2384,0.03048,0.01806,5
addition_24h,21.7509,0.02992,0.01806,4
addition_24h,22.2633,0.035,0.01468,5
addition_24h,22.7758,0.035,0.01242,4
addition_24h,23.2313,0.0333,0.01411,4
addition_24h,23.7438,0.03274,0.00903,5
addition_24h,24.2562,0.03725,0.03161,4
addition_24h,24.7687,0.03274,0.03274,5
addition_24h,25.2811,0.03443,0.03161,4
addition_24h,25.7367,0.04008,0.03838,4
addition_24h,26.2491,0.04403,0.0508,5
addition_24h,26.7616,0.04628,0.05814,4
addition_24h,27.2171,0.06378,0.05024,4
addition_24h,27.7295,0.07451,0.07338,5
addition_24h,28.242,0.08128,0.08071,4
addition_24h,28.7544,0.10724,0.08579,5
addition_24h,29.2669,0.15522,0.08692,4
addition_24h,29.7224,0.18627,0.08015,4
addition_24h,30.2349,0.23481,0.07789,5
addition_24h,30.7473,0.27093,0.05475,4
addition_24h,31.2598,0.31157,0.0508,5
addition_24h,31.7722,0.33697,0.05024,4
addition_24h,32.2278,0.35447,0.04967,4
addition_24h,32.7402,0.38156,0.0429,5
addition_24h,33.2527,0.39172,0.02766,4
addition_24h,33.7651,0.39398,0.02935,5
addition_24h,34.2776,0.40019,0.03274,4
addition_24h,34.7331,0.40188,0.03725,4
addition_24h,35.2456,0.41317,0.05644,5
addition_24h,35.758,0.4318,0.06096,4
addition_24h,36.2705,0.45945,0.04628,5
addition_24h,36.7829,0.4826,0.04628,4
addition_24h,37.2384,0.48881,0.04064,4
addition_24h,37.7509,0.50574,0.03274,5
addition_24h,38.2633,0.51421,0.03387,4
addition_24h,38.7189,0.52154,0.02935,4
addition_24h,39.2313,0.53396,0.02596,5
addition_24h,39.7438,0.54017,0.04233,4
addition_24h,40.2562,0.56331,0.03951,5
addition_24h,40.7687,0.57121,0.04233,4
addition_24h,41.2242,0.57573,0.04741,4
addition_24h,41.7367,0.59379,0.05193,5
addition_24h,42.2491,0.62032,0.03951,4
addition_24h,42.7616,0.64008,0.02822,5
addition_24h,43.274,0.64403,0.02427,4
addition_24h,43.7295,0.65588,0.02653,4
addition_24h,44.242,0.66604,0.04516,5
addition_24h,44.7544,0.68467,0.03895,4
addition_24h,45.2669,0.69426,0.03725,5
addition_24h,45.7794,0.71119,0.03838,4
addition_24h,46.2349,0.70555,0.03612,4
addition_24h,46.7473,0.70555,0.03387,5
addition_24h,47.2598,0.70103,0.0254,4
addition_24h,47.7153,0.71684,0.05927,4
addition_24h,48.2278,0.76087,0.07225,5
addition_24h,48.7402,0.83481,0.05814,4
addition_24h,49.2527,0.82747,0.04064,5
addition_24h,49.7651,0.81957,0.04177,4
addition_24h,50.2206,0.81505,0.03669,4
addition_24h,50.7331,0.7699,0.00113,5
addition_24h,51.2456,0.76877,0.0,4
addition_24h,51.6441,0.76877,0.00677,3
addition_24h,52.2705,0.78231,0.0079,4
addition_24h,52.726,0.77893,0.00339,4
addition_24h,53.3523,0.79135,0.0,3
addition_24h,53.8078,0.79022,0.00226,3
addition_24h,54.3772,0.80602,0.00113,3
addition_24h,54.7189,0.80151,0.00677,3
addition_24h,55.1744,0.80715,0.0,3
addition_24h,55.7438,0.81731,0.0079,5
addition_24h,56.2562,0.99285,0.10047,4
addition_24h,56.7687,0.82408,0.00677,5
addition_24h,57.2811,0.82352,0.00282,4
addition_24h,57.6228,0.82352,0.00395,2
addition_24h,58.4199,0.91214,0.03387,2
addition_24h,60.242,0.98721,0.00282,4
addition_24h,60.7544,0.98551,0.00226,5
addition_24h,61.2669,0.98213,0.07112,4
addition_24h,61.7224,0.98043,0.0683,4
addition_24h,62.2349,1.00809,0.02822,5
addition_24h,62.7473,1.01317,0.02258,4
addition_24h,63.2598,1.02164,0.01242,5
addition_24h,63.7722,1.02164,0.0079,4
addition_24h,64.2278,1.02051,0.04177,4
addition_24h,64.7402,1.01712,0.02484,5
addition_24h,65.2527,0.99962,0.01693,4
addition_24h,65.7082,0.99962,0.00169,4
addition_24h,66.3345,0.95842,0.00226,3
addition_24h,66.7331,0.9539,0.01016,4
addition_24h,67.2456,0.95165,0.0158,5
addition_24h,67.758,0.95334,0.0175,4
addition_24h,68.2705,0.96181,0.0158,5
addition_24h,68.7829,0.97084,0.03556,4
addition_24h,69.2384,0.92738,0.03725,4
addition_24h,69.7509,0.91326,0.07225,5
addition_24h,70.2633,0.92117,0.00452,4
addition_24h,70.7189,0.97084,0.00677,4
addition_24h,71.2313,0.9731,0.02145,5
addition_24h,71.7438,0.97648,0.02427,4
addition_24h,72.2562,0.97648,0.00452,5
addition_24h,72.8256,0.93584,0.01919,3
addition_24h,73.2242,0.93697,0.02709,4
addition_24h,73.7367,0.93246,0.02145,5
addition_24h,74.2491,0.93584,0.02596,4
addition_24h,74.7616,0.93697,0.01355,5
addition_24h,75.274,0.9381,0.01072,4
addition_24h,75.7295,0.94826,0.0254,4
addition_24h,76.242,0.91496,0.00113,4
addition_3h,0.3416,0.01129,0.00452,2
addition_3h,0.7402,0.01129,0.00452,5
addition_3h,1.2527,0.01016,0.00339,4
addition_3h,1.7651,0.01129,0.00452,5
addition_3h,2.2776,0.01355,0.00677,4
addition_3h,2.7331,0.01468,0.0079,4
addition_3h,3.2456,0.01806,0.03274,5
addition_3h,3.758,0.05419,0.03274,4
addition_3h,4.2705,0.04967,0.03161,5
addition_3h,4.7829,0.0604,0.0429,4
addition_3h,5.2384,0.09708,0.07281,4
addition_3h,5.7509,0.11627,0.04403,5
addition_3h,6.2633,0.11853,0.0508,4
addition_3h,6.7189,0.12361,0.05927,4
addition_3h,7.2313,0.13885,0.06773,5
addition_3h,7.7438,0.14619,0.07733,4
addition_3h,8.2562,0.15691,0.08128,5
addition_3h,8.7687,0.18627,0.09257,4
addition_3h,9.2242,0.2032,0.08805,4
addition_3h,9.7367,0.26529,0.07563,5
addition_3h,10.2491,0.28109,0.08241,4
addition_3h,10.7616,0.30367,0.05306,5
addition_3h,11.274,0.3793,0.07563,4
addition_3h,11.7295,0.41994,0.06717,4
addition_3h,12.242,0.45268,0.0508,5
addition_3h,12.7544,0.4572,0.02822,4
addition_3h,13.2669,0.473,0.05419,5
addition_3h,13.7794,0.48768,0.03274,4
addition_3h,14.2349,0.50122,0.035,4
addition_3h,14.7473,0.508,0.03612,5
addition_3h,15.2598,0.53509,0.05306,4
addition_3h,15.7153,0.53735,0.05249,4
addition_3h,16.2278,0.54299,0.04854,5
addition_3h,16.7402,0.54638,0.04346,4
addition_3h,17.2527,0.55428,0.03951,5
addition_3h,17.7651,0.57178,0.03669,4
addition_3h,18.2206,0.58589,0.0412,4
addition_3h,18.7331,0.60508,0.04064,5
addition_3h,19.2456,0.61863,0.04233,4
addition_3h,19.758,0.62314,0.03951,5
addition_3h,20.2705,0.62879,0.03556,4
addition_3h,20.726,0.6429,0.05306,4
addition_3h,21.2384,0.65475,0.05193,5
addition_3h,21.7509,0.66096,0.04798,4
addition_3h,22.2633,0.66604,0.04177,5
addition_3h,22.7758,0.66773,0.03895,4
addition_3h,23.2313,0.68692,0.04233,4
addition_3h,23.7438,0.70442,0.05306,5
addition_3h,24.2562,0.71571,0.05193,4
addition_3h,24.7687,0.72474,0.04628,5
addition_3h,25.2811,0.71232,0.03443,4
addition_3h,25.7367,0.71176,0.05814,4
addition_3h,26.2491,0.71797,0.06209,5
addition_3h,26.7616,0.73039,0.05927,4
addition_3h,27.2171,0.73942,0.05306,4
addition_3h,27.7295,0.74055,0.05193,5
addition_3h,28.242,0.76764,0.03612,4
addition_3h,28.7544,0.78119,0.04516,5
addition_3h,29.2669,0.78739,0.04459,4
addition_3h,29.7224,0.78514,0.05193,4
addition_3h,30.2349,0.77893,0.05757,5
addition_3h,30.7473,0.78344,0.05983,4
addition_3h,31.2598,0.80376,0.04854,5
addition_3h,31.7722,0.80941,0.04967,4
addition_3h,32.2278,0.81449,0.05249,4
addition_3h,32.7402,0.8365,0.06435,5
addition_3h,33.2527,0.84158,0.06378,4
addition_3h,33.7651,0.84553,0.0587,5
addition_3h,34.2776,0.83311,0.06773,4
addition_3h,34.7331,0.82239,0.06548,4
addition_3h,35.2456,0.81731,0.06096,5
addition_3h,35.758,0.83424,0.04516,4
addition_3h,36.2705,0.83989,0.04967,5
addition_3h,36.7829,0.84102,0.05475,4
addition_3h,37.2384,0.83819,0.0508,4
addition_3h,37.7509,0.83763,0.0508,5
addition_3h,38.2633,0.8365,0.05757,4
addition_3h,38.7189,0.83819,0.06152,4
addition_3h,39.2313,0.84553,0.06435,5
addition_3h,39.7438,0.85795,0.05927,4
addition_3h,40.2562,0.86246,0.05644,5
addition_3h,40.7687,0.86924,0.0508,4
addition_3h,41.2242,0.86924,0.04741,4
addition_3h,41.7367,0.86134,0.03951,5
addition_3h,42.2491,0.85964,0.03725,4
addition_3h,42.7616,0.86472,0.05306,5
addition_3h,43.274,0.86867,0.06773,4
addition_3h,43.7295,0.8698,0.06999,4
addition_3h,44.242,0.87827,0.0666,5
addition_3h,44.7544,0.88448,0.05249,4
addition_3h,45.2669,0.88843,0.04854,5
addition_3h,45.7794,0.88843,0.04854,4
addition_3h,46.2349,0.88617,0.04741,4
addition_3h,46.7473,0.89294,0.0666,5
addition_3h,47.2598,0.90367,0.05249,4
addition_3h,47.7153,0.90649,0.02822,4
addition_3h,48.2278,0.90875,0.02484,5
addition_3h,48.7402,0.91044,0.08241,4
addition_3h,49.2527,0.90649,0.08467,5
addition_3h,49.7651,0.89182,0.04064,4
addition_3h,50.2206,0.9031,0.07281,4
addition_3h,50.7331,0.91439,0.07451,5
addition_3h,51.2456,0.85908,0.07733,4
addition_3h,51.758,0.86811,0.06209,5
addition_3h,52.2705,0.89972,0.07281,4
addition_3h,52.726,0.90254,0.07902,4
addition_3h,53.2384,0.90423,0.07676,5
addition_3h,53.7509,0.89915,0.08636,4
addition_3h,54.2633,0.88166,0.08918,5
addition_3h,54.7758,0.8777,0.08749,4
addition_3h,55.2313,0.88109,0.06378,4
addition_3h,55.7438,0.88278,0.06548,5
addition_3h,56.2562,0.90254,0.05644,4
addition_3h,56.7687,0.94826,0.04628,5
addition_3h,57.2811,0.93528,0.03895,4
addition_3h,57.7367,0.92512,0.0429,4
addition_3h,58.2491,0.92907,0.0429,5
addition_3h,58.7616,0.94882,0.06435,4
addition_3h,59.2171,0.92963,0.07281,4
addition_3h,59.7295,0.91891,0.07338,5
addition_3h,60.242,0.91552,0.06886,4
addition_3h,60.7544,0.91665,0.03951,5
addition_3h,61.2669,0.90875,0.04064,4
addition_3h,61.7224,0.90818,0.03274,4
addition_3h,62.2349,0.90649,0.03048,5
addition_3h,62.7473,0.90536,0.035,4
addition_3h,63.2598,0.90198,0.03951,5
addition_3h,63.7722,0.90875,0.06265,4
addition_3h,64.2278,0.88504,0.06943,4
addition_3h,64.7402,0.88053,0.04854,5
addition_3h,65.2527,0.88335,0.04741,4
addition_3h,65.7651,0.87262,0.03951,5
addition_3h,66.2776,0.86585,0.03782,4
addition_3h,66.7331,0.87714,0.03387,4
addition_3h,67.2456,0.8794,0.03612,5
addition_3h,67.758,0.87996,0.05757,4
addition_3h,68.2705,0.86811,0.07902,5
addition_3h,68.7829,0.83932,0.03669,4
addition_3h,69.2384,0.83255,0.08692,4
addition_3h,69.7509,0.82408,0.04967,5
addition_3h,70.2633,0.83594,0.05249,4
addition_3h,70.7189,0.85456,0.04798,4
addition_3h,71.2313,0.85005,0.04628,5
addition_3h,71.7438,0.85061,0.05024,4
addition_3h,72.2562,0.85569,0.04403,5
addition_3h,72.7687,0.85005,0.03048,4
addition_3h,73.2242,0.84835,0.09652,4
addition_3h,73.7367,0.82408,0.12643,5
addition_3h,74.2491,0.819,0.12813,4
addition_3h,74.7616,0.82521,0.12305,5
addition_3h,75.274,0.83481,0.11684,4
addition_3h,75.7295,0.8365,0.11232,4
addition_3h,76.242,0.85118,0.02032,5
fa_control,0.3416,0.06322,0.03104,2
fa_control,0.7402,0.09031,0.06322,5
fa_control,1.2527,0.13321,0.08184,4
fa_control,1.7651,0.16933,0.09144,5
fa_control,2.2776,0.20207,0.10386,4
fa_control,2.7331,0.23198,0.10273,4
fa_control,3.2456,0.24384,0.09257,5
fa_control,3.758,0.24779,0.07563,4
fa_control,4.2705,0.25174,0.06322,5
fa_control,4.7829,0.25738,0.05475,4
fa_control,5.2384,0.27375,0.05588,4
fa_control,5.7509,0.28561,0.05193,5
fa_control,6.2633,0.29464,0.04516,4
fa_control,6.7189,0.3048,0.04516,4
fa_control,7.2313,0.3127,0.03387,5
fa_control,7.7438,0.3302,0.03725,4
fa_control,8.2562,0.35221,0.04177,5
fa_control,8.7687,0.3731,0.03838,4
fa_control,9.2242,0.3731,0.0333,4
fa_control,9.7367,0.3793,0.02145,5
fa_control,10.2491,0.38721,0.01524,4
fa_control,10.5907,0.38495,0.00226,2
fa_control,13.8932,0.42502,0.00282,2
fa_control,14.2349,0.42897,0.00903,4
fa_control,14.7473,0.44026,0.01129,5
fa_control,15.2598,0.44478,0.01693,4
fa_control,15.7153,0.45099,0.01693,4
fa_control,16.2278,0.45945,0.01693,5
fa_control,16.7402,0.46228,0.02427,4
fa_control,17.2527,0.46961,0.02484,5
fa_control,17.7651,0.47639,0.02371,4
fa_control,18.2206,0.48034,0.02145,4
fa_control,18.7331,0.48203,0.01693,5
fa_control,19.2456,0.48655,0.01919,4
fa_control,19.758,0.48429,0.01806,5
fa_control,20.2705,0.48993,0.01976,4
fa_control,20.726,0.49219,0.01976,4
fa_control,21.2384,0.49219,0.02032,5
fa_control,21.7509,0.49332,0.02145,4
fa_control,22.2633,0.49445,0.02258,5
fa_control,22.7758,0.49727,0.02371,4
fa_control,23.2313,0.49953,0.02314,4
fa_control,23.7438,0.50122,0.02032,5
fa_control,24.2562,0.50574,0.02427,4
fa_control,24.7687,0.50913,0.02371,5
fa_control,25.2811,0.50179,0.02484,4
fa_control,25.7367,0.50009,0.02653,4
fa_control,26.2491,0.50348,0.03387,5
fa_control,26.7616,0.50517,0.03556,4
fa_control,27.2171,0.50687,0.03048,4
fa_control,27.7295,0.51477,0.02371,5
fa_control,28.242,0.52154,0.02709,4
fa_control,28.7544,0.52832,0.02596,5
fa_control,29.2669,0.53001,0.0254,4
fa_control,29.7224,0.53791,0.02371,4
fa_control,30.2349,0.53848,0.02371,5
fa_control,30.7473,0.54299,0.02145,4
fa_control,31.2598,0.54412,0.02145,5
fa_control,31.7722,0.54694,0.02088,4
fa_control,32.2278,0.55089,0.02032,4
fa_control,32.7402,0.55202,0.02032,5
fa_control,33.2527,0.55315,0.02032,4
fa_control,33.7651,0.55428,0.02145,5
fa_control,34.2776,0.55767,0.02371,4
fa_control,34.7331,0.55823,0.02314,4
fa_control,35.2456,0.56218,0.02258,5
fa_control,35.758,0.56331,0.02145,4
fa_control,36.2705,0.56557,0.02145,5
fa_control,36.7829,0.565,0.02258,4
fa_control,37.2384,0.56896,0.01693,4
fa_control,37.7509,0.57573,0.01129,5
fa_control,38.2633,0.57855,0.00677,4
fa_control,38.7189,0.58928,0.0,2
