tCycB_AU,CycB_Cdk1_ss_AU
0.0829,0.0711
0.0856,0.066
0.0856,0.0711
0.0856,0.0761
0.0856,0.0812
0.0884,0.0711
0.0884,0.0761
0.0884,0.0812
0.0884,0.0863
0.0912,0.0761
0.0912,0.0812
0.0912,0.0863
0.0939,0.0812
0.0939,0.0863
0.0939,0.0914
0.0967,0.0812
0.0967,0.0863
0.0967,0.0914
0.0967,0.0964
0.0994,0.0609
0.0994,0.066
0.0994,0.0711
0.0994,0.0863
0.0994,0.0914
0.0994,0.0964
0.1022,0.0609
0.1022,0.066
0.1022,0.0711
0.1022,0.0914
0.1022,0.0964
0.1022,0.1015
0.105,0.066
0.105,0.0914
0.105,0.0964
0.105,0.1015
0.105,0.1066
0.1077,0.0964
0.1077,0.1015
0.1077,0.1066
0.1105,0.0964
0.1105,0.1015
0.1105,0.1066
0.1105,0.1117
0.1133,0.1015
0.1133,0.1066
0.1133,0.1117
0.116,0.066
0.116,0.0711
0.116,0.1066
0.116,0.1117
0.116,0.1168
0.1188,0.0609
0.1188,0.066
0.1188,0.0711
0.1188,0.1066
0.1188,0.1117
0.1188,0.1168
0.1188,0.1218
0.1215,0.066
0.1215,0.0711
0.1215,0.1117
0.1215,0.1168
0.1215,0.1218
0.1243,0.1117
0.1243,0.1168
0.1243,0.1218
0.1243,0.1269
0.1271,0.1168
0.1271,0.1218
0.1271,0.1269
0.1298,0.1218
0.1298,0.1269
0.1298,0.132
0.1326,0.066
0.1326,0.0711
0.1326,0.1218
0.1326,0.1269
0.1326,0.132
0.1354,0.066
0.1354,0.0711
0.1354,0.0761
0.1354,0.1218
0.1354,0.1269
0.1354,0.132
0.1354,0.1371
0.1381,0.066
0.1381,0.0711
0.1381,0.1269
0.1381,0.132
0.1381,0.1371
0.1409,0.132
0.1409,0.1371
0.1409,0.1421
0.1436,0.132
0.1436,0.1371
0.1436,0.1421
0.1436,0.1472
0.1464,0.1371
0.1464,0.1421
0.1464,0.1472
0.1492,0.0711
0.1492,0.1371
0.1492,0.1421
0.1492,0.1472
0.1492,0.1523
0.1519,0.066
0.1519,0.0711
0.1519,0.0761
0.1519,0.1421
0.1519,0.1472
0.1519,0.1523
0.1547,0.0254
0.1547,0.066
0.1547,0.0711
0.1547,0.0761
0.1547,0.1421
0.1547,0.1472
0.1547,0.1523
0.1547,0.1574
0.1575,0.0254
0.1575,0.1472
0.1575,0.1523
0.1575,0.1574
0.1602,0.1523
0.1602,0.1574
0.1602,0.1624
0.163,0.1523
0.163,0.1574
0.163,0.1624
0.1657,0.1574
0.1657,0.1624
0.1657,0.1675
0.1685,0.0711
0.1685,0.0761
0.1685,0.1574
0.1685,0.1624
0.1685,0.1675
0.1685,0.1726
0.1713,0.0711
0.1713,0.0761
0.1713,0.1624
0.1713,0.1675
0.1713,0.1726
0.174,0.0761
0.174,0.1624
0.174,0.1675
0.174,0.1726
0.1768,0.1675
0.1768,0.1726
0.1768,0.1777
0.1796,0.1675
0.1796,0.1726
0.1796,0.1777
0.1796,0.1827
0.1823,0.1726
0.1823,0.1777
0.1823,0.1827
0.1851,0.0711
0.1851,0.0761
0.1851,0.0812
0.1851,0.1726
0.1851,0.1777
0.1851,0.1827
0.1851,0.1878
0.1878,0.0711
0.1878,0.0761
0.1878,0.0812
0.1878,0.1777
0.1878,0.1827
0.1878,0.1878
0.1906,0.0761
0.1906,0.1827
0.1906,0.1878
0.1906,0.1929
0.1934,0.1827
0.1934,0.1878
0.1934,0.1929
0.1961,0.1878
0.1961,0.1929
0.1961,0.198
0.1989,0.1878
0.1989,0.1929
0.1989,0.198
0.2017,0.0305
0.2017,0.0761
0.2017,0.0812
0.2017,0.1929
0.2017,0.198
0.2017,0.203
0.2044,0.0305
0.2044,0.0761
0.2044,0.0812
0.2044,0.1929
0.2044,0.198
0.2044,0.203
0.2044,0.2081
0.2072,0.0305
0.2072,0.0761
0.2072,0.0812
0.2072,0.198
0.2072,0.203
0.2072,0.2081
0.2099,0.0305
0.2099,0.198
0.2099,0.203
0.2099,0.2081
0.2099,0.2132
0.2127,0.0305
0.2127,0.203
0.2127,0.2081
0.2127,0.2132
0.2155,0.0305
0.2155,0.203
0.2155,0.2081
0.2155,0.2132
0.2155,0.2183
0.2182,0.0305
0.2182,0.0761
0.2182,0.0812
0.2182,0.2081
0.2182,0.2132
0.2182,0.2183
0.221,0.0305
0.221,0.0761
0.221,0.0812
0.221,0.0863
0.221,0.2132
0.221,0.2183
0.221,0.2234
0.2238,0.0761
0.2238,0.0812
0.2238,0.0863
0.2238,0.2132
0.2238,0.2183
0.2238,0.2234
0.2265,0.2183
0.2265,0.2234
0.2293,0.2183
0.2293,0.2234
0.232,0.2234
0.2348,0.0812
0.2348,0.2234
0.2348,0.2284
0.2348,0.2335
0.2348,0.2386
0.2376,0.0761
0.2376,0.0812
0.2376,0.0863
0.2376,0.2284
0.2376,0.2335
0.2376,0.2386
0.2403,0.0812
0.2403,0.0863
0.2514,0.0355
0.2514,0.2386
0.2541,0.0355
0.2541,0.0812
0.2541,0.0863
0.2541,0.0914
0.2569,0.0355
0.2569,0.0812
0.2569,0.0863
0.2569,0.0914
0.2597,0.0355
0.2597,0.0863
0.2624,0.0355
0.2624,0.264
0.2652,0.0355
0.2652,0.264
0.268,0.0355
0.268,0.264
0.268,0.269
0.2707,0.0355
0.2707,0.0863
0.2707,0.0914
0.2707,0.264
0.2707,0.269
0.2735,0.0355
0.2735,0.0812
0.2735,0.0863
0.2735,0.0914
0.2735,0.264
0.2735,0.269
0.2735,0.2741
0.2762,0.0355
0.2762,0.0863
0.2762,0.0914
0.2762,0.264
0.2762,0.269
0.2762,0.2741
0.2762,0.2792
0.279,0.0355
0.279,0.269
0.279,0.2741
0.279,0.2792
0.2818,0.269
0.2818,0.2741
0.2818,0.2792
0.2818,0.2843
0.2845,0.2741
0.2845,0.2792
0.2845,0.2843
0.2873,0.0863
0.2873,0.0914
0.2873,0.0964
0.2873,0.2741
0.2873,0.2792
0.2873,0.2843
0.2873,0.2893
0.2901,0.0863
0.2901,0.0914
0.2901,0.0964
0.2901,0.2792
0.2901,0.2843
0.2901,0.2893
0.2928,0.0863
0.2928,0.0914
0.2928,0.0964
0.2928,0.2792
0.2928,0.2843
0.2928,0.2893
0.2928,0.2944
0.2956,0.0406
0.2956,0.2843
0.2956,0.2893
0.2956,0.2944
0.2956,0.2995
0.2983,0.0406
0.2983,0.2893
0.2983,0.2944
0.2983,0.2995
0.3011,0.0406
0.3011,0.2893
0.3011,0.2944
0.3011,0.2995
0.3039,0.0406
0.3039,0.0914
0.3039,0.0964
0.3039,0.2944
0.3039,0.2995
0.3039,0.3046
0.3066,0.0406
0.3066,0.0863
0.3066,0.0914
0.3066,0.0964
0.3066,0.2944
0.3066,0.2995
0.3066,0.3046
0.3094,0.0406
0.3094,0.0863
0.3094,0.0914
0.3094,0.0964
0.3094,0.2995
0.3094,0.3046
0.3094,0.3096
0.3122,0.0406
0.3122,0.2995
0.3122,0.3046
0.3122,0.3096
0.3122,0.3147
0.3149,0.0406
0.3149,0.3046
0.3149,0.3096
0.3149,0.3147
0.3177,0.0406
0.3177,0.3046
0.3177,0.3096
0.3177,0.3147
0.3177,0.3198
0.3204,0.0406
0.3204,0.0964
0.3204,0.3096
0.3204,0.3147
0.3204,0.3198
0.3232,0.0406
0.3232,0.0914
0.3232,0.0964
0.3232,0.1015
0.3232,0.3096
0.3232,0.3147
0.3232,0.3198
0.3232,0.3249
0.326,0.0406
0.326,0.0914
0.326,0.0964
0.326,0.1015
0.326,0.3147
0.326,0.3198
0.326,0.3249
0.3287,0.0406
0.3287,0.3198
0.3287,0.3249
0.3287,0.3299
0.3315,0.0406
0.3315,0.3198
0.3315,0.3249
0.3315,0.3299
0.3343,0.0457
0.3343,0.3249
0.3343,0.3299
0.3343,0.335
0.337,0.0457
0.337,0.3249
0.337,0.3299
0.337,0.335
0.3398,0.0457
0.3398,0.0914
0.3398,0.0964
0.3398,0.1015
0.3398,0.3299
0.3398,0.335
0.3398,0.3401
0.3425,0.0457
0.3425,0.0914
0.3425,0.0964
0.3425,0.1015
0.3425,0.3299
0.3425,0.335
0.3425,0.3401
0.3425,0.3452
0.3453,0.0457
0.3453,0.0964
0.3453,0.335
0.3453,0.3401
0.3453,0.3452
0.3481,0.0457
0.3481,0.335
0.3481,0.3401
0.3481,0.3452
0.3481,0.3503
0.3508,0.0457
0.3508,0.3401
0.3508,0.3452
0.3508,0.3503
0.3536,0.0457
0.3536,0.3452
0.3536,0.3503
0.3536,0.3553
0.3564,0.0457
0.3564,0.0964
0.3564,0.1015
0.3564,0.3452
0.3564,0.3503
0.3564,0.3553
0.3591,0.0457
0.3591,0.0964
0.3591,0.1015
0.3591,0.1066
0.3591,0.3503
0.3591,0.3553
0.3591,0.3604
0.3619,0.0457
0.3619,0.0964
0.3619,0.1015
0.3619,0.3503
0.3619,0.3553
0.3619,0.3604
0.3646,0.0457
0.3646,0.3553
0.3646,0.3604
0.3646,0.3655
0.3674,0.0457
0.3674,0.3553
0.3674,0.3604
0.3674,0.3655
0.3702,0.0457
0.3702,0.3604
0.3702,0.3655
0.3702,0.3706
0.3729,0.0457
0.3729,0.0964
0.3729,0.1015
0.3729,0.1066
0.3729,0.3604
0.3729,0.3655
0.3729,0.3706
0.3757,0.0457
0.3757,0.0964
0.3757,0.1015
0.3757,0.1066
0.3757,0.3655
0.3757,0.3706
0.3757,0.3756
0.3785,0.0457
0.3785,0.0508
0.3785,0.0964
0.3785,0.1015
0.3785,0.1066
0.3785,0.3655
0.3785,0.3706
0.3785,0.3756
0.3785,0.3807
0.3812,0.0457
0.3812,0.0508
0.3812,0.3706
0.3812,0.3756
0.3812,0.3807
0.384,0.0457
0.384,0.0508
0.384,0.3706
0.384,0.3756
0.384,0.3807
0.384,0.3858
0.3867,0.0508
0.3867,0.3756
0.3867,0.3807
0.3867,0.3858
0.3895,0.0508
0.3895,0.1015
0.3895,0.1066
0.3895,0.3756
0.3895,0.3807
0.3895,0.3858
0.3895,0.3909
0.3923,0.0508
0.3923,0.1015
0.3923,0.1066
0.3923,0.1117
0.3923,0.3807
0.3923,0.3858
0.3923,0.3909
0.395,0.0508
0.395,0.1015
0.395,0.1066
0.395,0.1117
0.395,0.3807
0.395,0.3858
0.395,0.3909
0.395,0.3959
0.3978,0.0508
0.3978,0.3858
0.3978,0.3909
0.3978,0.3959
0.4006,0.0508
0.4006,0.3858
0.4006,0.3909
0.4006,0.3959
0.4006,0.401
0.4033,0.0508
0.4033,0.3909
0.4033,0.3959
0.4033,0.401
0.4061,0.0508
0.4061,0.3959
0.4061,0.401
0.4061,0.4061
0.4088,0.0508
0.4088,0.1015
0.4088,0.1066
0.4088,0.1117
0.4088,0.3959
0.4088,0.401
0.4088,0.4061
0.4116,0.0508
0.4116,0.1015
0.4116,0.1066
0.4116,0.1117
0.4116,0.401
0.4116,0.4061
0.4116,0.4112
0.4144,0.0508
0.4144,0.401
0.4144,0.4061
0.4144,0.4112
0.4144,0.4162
0.4171,0.0508
0.4171,0.0558
0.4171,0.4061
0.4171,0.4112
0.4171,0.4162
0.4199,0.0508
0.4199,0.0558
0.4199,0.4061
0.4199,0.4112
0.4199,0.4162
0.4199,0.4213
0.4227,0.0508
0.4227,0.0558
0.4227,0.4112
0.4227,0.4162
0.4227,0.4213
0.4254,0.0508
0.4254,0.0558
0.4254,0.1066
0.4254,0.1117
0.4254,0.4112
0.4254,0.4162
0.4254,0.4213
0.4254,0.4264
0.4282,0.0558
0.4282,0.1015
0.4282,0.1066
0.4282,0.1117
0.4282,0.4162
0.4282,0.4213
0.4282,0.4264
0.4309,0.0558
0.4309,0.4213
0.4309,0.4264
0.4309,0.4315
0.4337,0.0558
0.4337,0.4213
0.4337,0.4264
0.4337,0.4315
0.4365,0.0558
0.4365,0.4264
0.4365,0.4315
0.4365,0.4365
0.4392,0.0558
0.4392,0.4264
0.4392,0.4315
0.4392,0.4365
0.442,0.0558
0.442,0.1066
0.442,0.1117
0.442,0.1168
0.442,0.4315
0.442,0.4365
0.442,0.4416
0.4448,0.0558
0.4448,0.1066
0.4448,0.1117
0.4448,0.1168
0.4448,0.4315
0.4448,0.4365
0.4448,0.4416
0.4475,0.0558
0.4475,0.1066
0.4475,0.1117
0.4475,0.4365
0.4475,0.4416
0.4475,0.4467
0.4503,0.0558
0.4503,0.4365
0.4503,0.4416
0.4503,0.4467
0.4503,0.4518
0.453,0.0558
0.453,0.4416
0.453,0.4467
0.453,0.4518
0.4558,0.0558
0.4558,0.4416
0.4558,0.4467
0.4558,0.4518
0.4558,0.4569
0.4586,0.0558
0.4586,0.0609
0.4586,0.1117
0.4586,0.1168
0.4586,0.4467
0.4586,0.4518
0.4586,0.4569
0.4613,0.0558
0.4613,0.0609
0.4613,0.1066
0.4613,0.1117
0.4613,0.1168
0.4613,0.4467
0.4613,0.4518
0.4613,0.4569
0.4613,0.4619
0.4641,0.0558
0.4641,0.0609
0.4641,0.1117
0.4641,0.1168
0.4641,0.4518
0.4641,0.4569
0.4641,0.4619
0.4669,0.0558
0.4669,0.0609
0.4669,0.4518
0.4669,0.4569
0.4669,0.4619
0.4669,0.467
0.4696,0.0609
0.4696,0.4569
0.4696,0.4619
0.4696,0.467
0.4724,0.0609
0.4724,0.4619
0.4724,0.467
0.4724,0.4721
0.4751,0.0609
0.4751,0.1117
0.4751,0.1168
0.4751,0.4619
0.4751,0.467
0.4751,0.4721
0.4779,0.0609
0.4779,0.1117
0.4779,0.1168
0.4779,0.467
0.4779,0.4721
0.4779,0.4772
0.4807,0.0609
0.4807,0.1117
0.4807,0.1168
0.4807,0.467
0.4807,0.4721
0.4807,0.4772
0.4807,0.4822
0.4834,0.0609
0.4834,0.4721
0.4834,0.4772
0.4834,0.4822
0.4862,0.0609
0.4862,0.4721
0.4862,0.4772
0.4862,0.4822
0.4862,0.4873
0.489,0.0609
0.489,0.066
0.489,0.4772
0.489,0.4822
0.489,0.4873
0.4917,0.0609
0.4917,0.066
0.4917,0.1117
0.4917,0.1168
0.4917,0.4772
0.4917,0.4822
0.4917,0.4873
0.4917,0.4924
0.4945,0.0609
0.4945,0.066
0.4945,0.1117
0.4945,0.1168
0.4945,0.1218
0.4945,0.4822
0.4945,0.4873
0.4945,0.4924
0.4972,0.0609
0.4972,0.066
0.4972,0.1117
0.4972,0.1168
0.4972,0.1218
0.4972,0.4822
0.4972,0.4873
0.4972,0.4924
0.4972,0.4975
0.5,0.0609
0.5,0.066
0.5,0.4873
0.5,0.4924
0.5,0.4975
0.5028,0.0609
0.5028,0.066
0.5028,0.4924
0.5028,0.4975
0.5028,0.5025
0.5055,0.0609
0.5055,0.066
0.5055,0.4924
0.5055,0.4975
0.5055,0.5025
0.5083,0.066
0.5083,0.4975
0.5083,0.5025
0.5083,0.5076
0.511,0.066
0.511,0.1117
0.511,0.1168
0.511,0.1218
0.511,0.4975
0.511,0.5025
0.511,0.5076
0.5138,0.066
0.5138,0.1117
0.5138,0.1168
0.5138,0.1218
0.5138,0.5025
0.5138,0.5076
0.5138,0.5127
0.5166,0.066
0.5166,0.1168
0.5166,0.5025
0.5166,0.5076
0.5166,0.5127
0.5193,0.066
0.5193,0.5076
0.5193,0.5127
0.5193,0.5178
0.5221,0.066
0.5221,0.5076
0.5221,0.5127
0.5221,0.5178
0.5221,0.5228
0.5249,0.066
0.5249,0.0711
0.5249,0.5127
0.5249,0.5178
0.5249,0.5228
0.5276,0.066
0.5276,0.0711
0.5276,0.1168
0.5276,0.1218
0.5276,0.5127
0.5276,0.5178
0.5276,0.5228
0.5276,0.5279
0.5304,0.066
0.5304,0.0711
0.5304,0.1168
0.5304,0.1218
0.5304,0.5178
0.5304,0.5228
0.5304,0.5279
0.5331,0.066
0.5331,0.0711
0.5331,0.1168
0.5331,0.1218
0.5331,0.5178
0.5331,0.5228
0.5331,0.5279
0.5331,0.533
0.5359,0.066
0.5359,0.0711
0.5359,0.5228
0.5359,0.5279
0.5359,0.533
0.5387,0.066
0.5387,0.0711
0.5387,0.5279
0.5387,0.533
0.5387,0.5381
0.5414,0.0711
0.5414,0.5279
0.5414,0.533
0.5414,0.5381
0.5442,0.0711
0.5442,0.1168
0.5442,0.1218
0.5442,0.533
0.5442,0.5381
0.5442,0.5431
0.547,0.0711
0.547,0.1168
0.547,0.1218
0.547,0.1269
0.547,0.533
0.547,0.5381
0.547,0.5431
0.5497,0.0711
0.5497,0.1168
0.5497,0.1218
0.5497,0.5381
0.5497,0.5431
0.5497,0.5482
0.5525,0.0711
0.5525,0.5381
0.5525,0.5431
0.5525,0.5482
0.5552,0.0711
0.5552,0.0761
0.5552,0.5431
0.5552,0.5482
0.5552,0.5533
0.558,0.0711
0.558,0.0761
0.558,0.5431
0.558,0.5482
0.558,0.5533
0.5608,0.0711
0.5608,0.0761
0.5608,0.1218
0.5608,0.5482
0.5608,0.5533
0.5608,0.5584
0.5635,0.0711
0.5635,0.0761
0.5635,0.1168
0.5635,0.1218
0.5635,0.1269
0.5635,0.5482
0.5635,0.5533
0.5635,0.5584
0.5635,0.5635
0.5663,0.0711
0.5663,0.0761
0.5663,0.1168
0.5663,0.1218
0.5663,0.1269
0.5663,0.5533
0.5663,0.5584
0.5663,0.5635
0.5691,0.0711
0.5691,0.0761
0.5691,0.5533
0.5691,0.5584
0.5691,0.5635
0.5691,0.5685
0.5718,0.0761
0.5718,0.5584
0.5718,0.5635
0.5718,0.5685
0.5746,0.0761
0.5746,0.5584
0.5746,0.5635
0.5746,0.5685
0.5746,0.5736
0.5773,0.0761
0.5773,0.5635
0.5773,0.5685
0.5773,0.5736
0.5801,0.0761
0.5801,0.1168
0.5801,0.1218
0.5801,0.1269
0.5801,0.5635
0.5801,0.5685
0.5801,0.5736
0.5801,0.5787
0.5829,0.0761
0.5829,0.0812
0.5829,0.1168
0.5829,0.1218
0.5829,0.1269
0.5829,0.5685
0.5829,0.5736
0.5829,0.5787
0.5856,0.0761
0.5856,0.0812
0.5856,0.5736
0.5856,0.5787
0.5856,0.5838
0.5884,0.0761
0.5884,0.0812
0.5884,0.5736
0.5884,0.5787
0.5884,0.5838
0.5912,0.0761
0.5912,0.0812
0.5912,0.5787
0.5912,0.5838
0.5912,0.5888
0.5939,0.0761
0.5939,0.0812
0.5939,0.5787
0.5939,0.5838
0.5939,0.5888
0.5939,0.5939
0.5967,0.0761
0.5967,0.0812
0.5967,0.1168
0.5967,0.1218
0.5967,0.1269
0.5967,0.5838
0.5967,0.5888
0.5967,0.5939
0.5994,0.0812
0.5994,0.1168
0.5994,0.1218
0.5994,0.1269
0.5994,0.5838
0.5994,0.5888
0.5994,0.5939
0.5994,0.599
0.6022,0.0812
0.6022,0.5888
0.6022,0.5939
0.6022,0.599
0.605,0.0812
0.605,0.5888
0.605,0.5939
0.605,0.599
0.605,0.6041
0.6077,0.0812
0.6077,0.5939
0.6077,0.599
0.6077,0.6041
0.6105,0.0812
0.6105,0.5939
0.6105,0.599
0.6105,0.6041
0.6105,0.6091
0.6133,0.0812
0.6133,0.0863
0.6133,0.1218
0.6133,0.1269
0.6133,0.599
0.6133,0.6041
0.6133,0.6091
0.616,0.0812
0.616,0.0863
0.616,0.1168
0.616,0.1218
0.616,0.1269
0.616,0.6041
0.616,0.6091
0.616,0.6142
0.6188,0.0812
0.6188,0.0863
0.6188,0.1218
0.6188,0.1269
0.6188,0.6041
0.6188,0.6091
0.6188,0.6142
0.6215,0.0812
0.6215,0.0863
0.6215,0.6091
0.6215,0.6142
0.6215,0.6193
0.6243,0.0812
0.6243,0.0863
0.6243,0.6091
0.6243,0.6142
0.6243,0.6193
0.6271,0.0863
0.6271,0.6142
0.6271,0.6193
0.6271,0.6244
0.6298,0.0863
0.6298,0.1218
0.6298,0.1269
0.6298,0.6142
0.6298,0.6193
0.6298,0.6244
0.6298,0.6294
0.6326,0.0863
0.6326,0.1218
0.6326,0.1269
0.6326,0.6193
0.6326,0.6244
0.6326,0.6294
0.6354,0.0863
0.6354,0.0914
0.6354,0.1218
0.6354,0.1269
0.6354,0.6193
0.6354,0.6244
0.6354,0.6294
0.6354,0.6345
0.6381,0.0863
0.6381,0.0914
0.6381,0.6244
0.6381,0.6294
0.6381,0.6345
0.6409,0.0863
0.6409,0.0914
0.6409,0.6244
0.6409,0.6294
0.6409,0.6345
0.6409,0.6396
0.6436,0.0863
0.6436,0.0914
0.6436,0.6294
0.6436,0.6345
0.6436,0.6396
0.6464,0.0914
0.6464,0.1218
0.6464,0.1269
0.6464,0.6294
0.6464,0.6345
0.6464,0.6396
0.6464,0.6447
0.6492,0.0914
0.6492,0.1218
0.6492,0.1269
0.6492,0.6345
0.6492,0.6396
0.6492,0.6447
0.6519,0.0914
0.6519,0.1218
0.6519,0.1269
0.6519,0.6345
0.6519,0.6396
0.6519,0.6447
0.6519,0.6497
0.6547,0.0914
0.6547,0.6396
0.6547,0.6447
0.6547,0.6497
0.6575,0.0914
0.6575,0.6447
0.6575,0.6497
0.6575,0.6548
0.6602,0.0914
0.6602,0.0964
0.6602,0.6447
0.6602,0.6497
0.6602,0.6548
0.663,0.0964
0.663,0.6497
0.663,0.6548
0.663,0.6599
0.6657,0.0964
0.6657,0.1218
0.6657,0.1269
0.6657,0.6497
0.6657,0.6548
0.6657,0.6599
0.6685,0.0964
0.6685,0.1218
0.6685,0.1269
0.6685,0.6548
0.6685,0.6599
0.6685,0.665
0.6713,0.0964
0.6713,0.6548
0.6713,0.6599
0.6713,0.665
0.6713,0.6701
0.674,0.0964
0.674,0.6599
0.674,0.665
0.674,0.6701
0.6768,0.0964
0.6768,0.6599
0.6768,0.665
0.6768,0.6701
0.6768,0.6751
0.6796,0.1015
0.6796,0.665
0.6796,0.6701
0.6796,0.6751
0.6823,0.1015
0.6823,0.1218
0.6823,0.1269
0.6823,0.665
0.6823,0.6701
0.6823,0.6751
0.6823,0.6802
0.6851,0.1015
0.6851,0.1168
0.6851,0.1218
0.6851,0.1269
0.6851,0.6701
0.6851,0.6751
0.6851,0.6802
0.6878,0.1015
0.6878,0.1218
0.6878,0.1269
0.6878,0.6751
0.6878,0.6802
0.6878,0.6853
0.6906,0.1015
0.6906,0.6751
0.6906,0.6802
0.6906,0.6853
0.6934,0.6802
0.6934,0.6853
0.6934,0.6904
0.6961,0.6802
0.6961,0.6853
0.6961,0.6904
0.6989,0.1066
0.6989,0.1168
0.6989,0.1218
0.6989,0.1269
0.6989,0.6853
0.6989,0.6904
0.6989,0.6954
0.7017,0.1066
0.7017,0.1168
0.7017,0.1218
0.7017,0.1269
0.7017,0.6853
0.7017,0.6904
0.7017,0.6954
0.7017,0.7005
0.7044,0.1218
0.7044,0.6904
0.7044,0.6954
0.7044,0.7005
0.7072,0.6904
0.7072,0.6954
0.7072,0.7005
0.7099,0.6954
0.7099,0.7005
0.7099,0.7056
0.7127,0.6954
0.7127,0.7005
0.7127,0.7056
0.7127,0.7107
0.7155,0.7005
0.7155,0.7056
0.7155,0.7107
0.7182,0.7005
0.7182,0.7056
0.7182,0.7107
0.7182,0.7157
0.721,0.7056
0.721,0.7107
0.721,0.7157
0.7238,0.7107
0.7238,0.7157
0.7238,0.7208
0.7265,0.7107
0.7265,0.7157
0.7265,0.7208
0.7293,0.7157
0.7293,0.7208
0.7293,0.7259
0.732,0.7157
0.732,0.7208
0.732,0.7259
0.7348,0.7208
0.7348,0.7259
0.7348,0.731
0.7376,0.7208
0.7376,0.7259
0.7376,0.731
0.7403,0.7259
0.7403,0.731
0.7403,0.736
0.7431,0.7259
0.7431,0.731
0.7431,0.736
0.7459,0.731
0.7459,0.736
0.7459,0.7411
0.7486,0.731
0.7486,0.736
0.7486,0.7411
0.7486,0.7462
0.7514,0.736
0.7514,0.7411
0.7514,0.7462
0.7541,0.736
0.7541,0.7411
0.7541,0.7462
0.7541,0.7513
0.7569,0.7411
0.7569,0.7462
0.7569,0.7513
0.7597,0.7411
0.7597,0.7462
0.7597,0.7513
0.7597,0.7563
0.7624,0.7462
0.7624,0.7513
0.7624,0.7563
0.7652,0.7513
0.7652,0.7563
0.7652,0.7614
0.768,0.7513
0.768,0.7563
0.768,0.7614
0.7707,0.7513
0.7707,0.7563
0.7707,0.7614
0.7707,0.7665
0.7735,0.7563
0.7735,0.7614
0.7735,0.7665
0.7735,0.7716
0.7762,0.7614
0.7762,0.7665
0.7762,0.7716
0.779,0.7614
0.779,0.7665
0.779,0.7716
0.7818,0.7665
0.7818,0.7716
0.7818,0.7766
0.7845,0.7665
0.7845,0.7716
0.7845,0.7766
0.7845,0.7817
0.7873,0.7716
0.7873,0.7766
0.7873,0.7817
0.7901,0.7716
0.7901,0.7766
0.7901,0.7817
0.7901,0.7868
0.7928,0.7766
0.7928,0.7817
0.7928,0.7868
0.7956,0.7817
0.7956,0.7868
0.7956,0.7919
0.7983,0.7817
0.7983,0.7868
0.7983,0.7919
0.8011,0.7868
0.8011,0.7919
0.8011,0.797
0.8039,0.7868
0.8039,0.7919
0.8039,0.797
0.8066,0.7919
0.8066,0.797
0.8066,0.802
0.8094,0.7919
0.8094,0.797
0.8094,0.802
0.8122,0.797
0.8122,0.802
0.8122,0.8071
0.8149,0.797
0.8149,0.802
0.8149,0.8071
0.8149,0.8122
0.8177,0.802
0.8177,0.8071
0.8177,0.8122
0.8204,0.802
0.8204,0.8071
0.8204,0.8122
0.8204,0.8173
0.8232,0.8071
0.8232,0.8122
0.8232,0.8173
0.826,0.8071
0.826,0.8122
0.826,0.8173
0.826,0.8223
0.8287,0.8122
0.8287,0.8173
0.8287,0.8223
0.8315,0.8173
0.8315,0.8223
0.8315,0.8274
0.8343,0.8173
0.8343,0.8223
0.8343,0.8274
0.837,0.8173
0.837,0.8223
0.837,0.8274
0.837,0.8325
0.8398,0.8223
0.8398,0.8274
0.8398,0.8325
0.8425,0.8274
0.8425,0.8325
0.8425,0.8376
0.8453,0.8274
0.8453,0.8325
0.8453,0.8376
0.8481,0.8325
0.8481,0.8376
0.8481,0.8426
0.8508,0.8325
0.8508,0.8376
0.8508,0.8426
0.8536,0.8376
0.8536,0.8426
0.8536,0.8477
0.8564,0.8376
0.8564,0.8426
0.8564,0.8477
0.8564,0.8528
0.8591,0.8426
0.8591,0.8477
0.8591,0.8528
0.8619,0.8426
0.8619,0.8477
0.8619,0.8528
0.8619,0.8579
0.8646,0.8477
0.8646,0.8528
0.8646,0.8579
0.8674,0.8477
0.8674,0.8528
0.8674,0.8579
0.8674,0.8629
0.8702,0.8528
0.8702,0.8579
0.8702,0.8629
0.8729,0.8579
0.8729,0.8629
0.8729,0.868
0.8757,0.8579
0.8757,0.8629
0.8757,0.868
0.8785,0.8629
0.8785,0.868
0.8785,0.8731
0.8812,0.8629
0.8812,0.868
0.8812,0.8731
0.8812,0.8782
0.884,0.868
0.884,0.8731
0.884,0.8782
0.8867,0.868
0.8867,0.8731
0.8867,0.8782
0.8895,0.8731
0.8895,0.8782
0.8895,0.8832
0.8923,0.8731
0.8923,0.8782
0.8923,0.8832
0.8923,0.8883
0.895,0.8782
0.895,0.8832
0.895,0.8883
0.8978,0.8782
0.8978,0.8832
0.8978,0.8883
0.8978,0.8934
0.9006,0.8832
0.9006,0.8883
0.9006,0.8934
0.9033,0.8832
0.9033,0.8883
0.9033,0.8934
0.9033,0.8985
0.9061,0.8883
0.9061,0.8934
0.9061,0.8985
0.9088,0.8934
0.9088,0.8985
0.9088,0.9036
0.9116,0.8934
0.9116,0.8985
0.9116,0.9036
0.9144,0.8985
0.9144,0.9036
0.9144,0.9086
0.9171,0.8985
0.9171,0.9036
0.9171,0.9086
0.9199,0.9036
0.9199,0.9086
0.9199,0.9137
0.9227,0.9036
0.9227,0.9086
0.9227,0.9137
0.9227,0.9188
0.9254,0.9086
0.9254,0.9137
0.9254,0.9188
0.9282,0.9086
0.9282,0.9137
0.9282,0.9188
0.9282,0.9239
0.9309,0.9137
0.9309,0.9188
0.9309,0.9239
0.9337,0.9137
0.9337,0.9188
0.9337,0.9239
0.9337,0.9289
0.9365,0.9188
0.9365,0.9239
0.9365,0.9289
0.9392,0.9188
0.9392,0.9239
0.9392,0.9289
0.9392,0.934
0.942,0.9239
0.942,0.9289
0.942,0.934
0.9448,0.9289
0.9448,0.934
0.9448,0.9391
0.9475,0.9289
0.9475,0.934
0.9475,0.9391
0.9503,0.934
0.9503,0.9391
0.9503,0.9442
0.953,0.934
0.953,0.9391
0.953,0.9442
0.9558,0.9391
0.9558,0.9442
0.9558,0.9492
0.9586,0.9391
0.9586,0.9442
0.9586,0.9492
0.9586,0.9543
0.9613,0.9442
0.9613,0.9492
0.9613,0.9543
0.9641,0.9442
0.9641,0.9492
0.9641,0.9543
0.9641,0.9594
0.9669,0.9492
0.9669,0.9543
0.9669,0.9594
0.9696,0.9492
0.9696,0.9543
0.9696,0.9594
0.9696,0.9645
0.9724,0.9543
0.9724,0.9594
0.9724,0.9645
0.9751,0.9543
0.9751,0.9594
0.9751,0.9645
0.9751,0.9695
0.9779,0.9594
0.9779,0.9645
0.9779,0.9695
0.9807,0.9594
0.9807,0.9645
0.9807,0.9695
0.9807,0.9746
0.9834,0.9645
0.9834,0.9695
0.9834,0.9746
0.9862,0.9695
0.9862,0.9746
0.9862,0.9797
0.989,0.9695
0.989,0.9746
0.989,0.9797
0.9917,0.9746
0.9917,0.9797
0.9917,0.9848
0.9945,0.9746
0.9945,0.9797
0.9945,0.9848
0.9972,0.9746
0.9972,0.9797
0.9972,0.9848
0.9972,0.9898
1.0,0.9797
1.0,0.9848
