# Source: crimson cell-8 trace in Fig. 8A of Kochanczyk et al. (2017), Sci Rep 7:38244
# Cell 8 is the cell whose EGFR expression burst schedule is hard-coded in
# Supplementary Data S3 and reproduced by
# mapk_relaxation_oscillations_kochanczyk2017_noisy_egfr.bngl
# Render: open-access article PDF page 9 at 400 dpi
# Axis calibration: panel A plot box, x=0..72 h and y=0..2e6 EGFR molecules,
#   both labelled at the frame corners
# Extraction: crimson pixels (R>120, R-G>45, B-G>15, R-B>25) inside the plot box,
#   legend block excluded, one sample per pixel column (about 2.4 min apart),
#   value taken as the column centroid of the trace
# Occlusion: 143 of 1823 columns carry no crimson pixel because the cell-12 or
#   cell-15 trace is drawn over cell 8 there; those columns are omitted rather
#   than interpolated
# Calibration check: the first digitized sample reads 170029 molecules against the
#   model's exact seed value of 168950 (0.6% high)
time_h,time_s,EGFR_total_molecules
0.0395,142.3,170028.8
0.0790,284.5,170028.8
0.1186,426.8,170028.8
0.1581,569.0,167147.0
0.1976,711.3,164265.1
0.2371,853.6,164265.1
0.2766,995.8,164265.1
0.3161,1138.1,164265.1
0.3557,1280.4,164265.1
0.3952,1422.6,164265.1
0.4347,1564.9,161383.3
0.4742,1707.1,161383.3
0.5137,1849.4,158501.4
0.5532,1991.7,158501.4
0.5928,2133.9,158501.4
0.6323,2276.2,158501.4
0.6718,2418.4,158501.4
0.7113,2560.7,158501.4
0.7508,2703.0,155619.6
0.7903,2845.2,155619.6
0.8299,2987.5,152737.8
0.8694,3129.7,152737.8
0.9089,3272.0,152737.8
0.9484,3414.3,152737.8
0.9879,3556.5,152737.8
1.0274,3698.8,152737.8
1.0670,3841.1,149855.9
1.1065,3983.3,149855.9
1.1460,4125.6,149855.9
1.1855,4267.8,149855.9
1.2250,4410.1,146974.1
1.2645,4552.4,146974.1
1.3041,4694.6,146974.1
1.3436,4836.9,146974.1
1.3831,4979.1,146974.1
1.4226,5121.4,144092.2
1.4621,5263.7,144092.2
1.5016,5405.9,144092.2
1.5412,5548.2,144092.2
1.5807,5690.5,146974.1
1.6202,5832.7,149855.9
1.6597,5975.0,152737.8
1.6992,6117.2,158501.4
1.7387,6259.5,161383.3
1.7783,6401.8,167147.0
1.8178,6544.0,170028.8
1.8573,6686.3,175792.5
1.8968,6828.5,178674.4
1.9363,6970.8,181556.2
1.9759,7113.1,187319.9
2.0154,7255.3,190201.7
2.0549,7397.6,193083.6
2.0944,7539.8,198847.3
2.1339,7682.1,198847.3
2.1734,7824.4,201729.1
2.2130,7966.6,204611.0
2.2525,8108.9,204611.0
2.3315,8393.4,233429.4
2.3710,8535.7,233429.4
2.4105,8677.9,230547.6
2.4501,8820.2,242074.9
2.4896,8962.5,253602.3
2.5291,9104.7,268011.5
2.5686,9247.0,270893.4
2.6081,9389.2,276657.1
2.6476,9531.5,285302.6
2.6872,9673.8,293948.1
2.7267,9816.0,302593.7
2.7662,9958.3,311239.2
2.8057,10100.5,319884.7
2.8452,10242.8,325648.4
2.8847,10385.1,340057.6
2.9243,10527.3,348703.2
2.9638,10669.6,360230.5
3.0033,10811.9,371757.9
3.0428,10954.1,386167.1
3.0823,11096.4,397694.5
3.1218,11238.6,409221.9
3.1614,11380.9,420749.3
3.2009,11523.2,429394.8
3.2404,11665.4,440922.2
3.2799,11807.7,446685.9
3.3194,11949.9,455331.4
3.3589,12092.2,463976.9
3.3985,12234.5,469740.6
3.4380,12376.7,478386.2
3.4775,12519.0,487031.7
3.5170,12661.3,492795.4
3.5565,12803.5,501440.9
3.5960,12945.8,504322.8
3.6356,13088.0,510086.5
3.6751,13230.3,510086.5
3.7146,13372.6,515850.1
3.7541,13514.8,515850.1
3.7936,13657.1,515850.1
3.8332,13799.3,521613.8
3.8727,13941.6,521613.8
3.9122,14083.9,527377.5
3.9517,14226.1,527377.5
3.9912,14368.4,530259.4
4.0307,14510.6,533141.2
4.0703,14652.9,536023.1
4.1098,14795.2,538904.9
4.1493,14937.4,538904.9
4.1888,15079.7,544668.6
4.2283,15222.0,544668.6
4.2678,15364.2,544668.6
4.3074,15506.5,550432.3
4.3469,15648.7,550432.3
4.3864,15791.0,556196.0
4.4259,15933.3,556196.0
4.4654,16075.5,556196.0
4.5049,16217.8,561959.7
4.5445,16360.0,561959.7
4.5840,16502.3,564841.5
4.6235,16644.6,567723.3
4.6630,16786.8,567723.3
4.7025,16929.1,573487.0
4.7420,17071.4,573487.0
4.7816,17213.6,576368.9
4.8211,17355.9,579250.7
4.8606,17498.1,579250.7
4.9001,17640.4,573487.0
4.9396,17782.7,573487.0
4.9791,17924.9,567723.3
5.0187,18067.2,567723.3
5.0582,18209.4,561959.7
5.0977,18351.7,561959.7
5.1372,18494.0,559077.8
5.1767,18636.2,556196.0
5.2162,18778.5,553314.1
5.2558,18920.7,550432.3
5.2953,19063.0,550432.3
5.3348,19205.3,544668.6
5.3743,19347.5,544668.6
5.4138,19489.8,538904.9
5.4533,19632.1,538904.9
5.4929,19774.3,538904.9
5.5324,19916.6,533141.2
5.5719,20058.8,533141.2
5.6114,20201.1,527377.5
5.6509,20343.4,527377.5
5.6905,20485.6,524495.7
5.7300,20627.9,521613.8
5.7695,20770.1,521613.8
5.8090,20912.4,515850.1
5.8485,21054.7,515850.1
5.8880,21196.9,512968.3
5.9276,21339.2,510086.5
5.9671,21481.4,510086.5
6.0066,21623.7,504322.8
6.0461,21766.0,504322.8
6.0856,21908.2,501440.9
6.1251,22050.5,498559.1
6.1647,22192.8,498559.1
6.2042,22335.0,495677.2
6.2437,22477.3,492795.4
6.2832,22619.5,489913.5
6.3227,22761.8,487031.7
6.3622,22904.1,487031.7
6.4018,23046.3,484149.9
6.4413,23188.6,481268.0
6.4808,23330.8,481268.0
6.5203,23473.1,475504.3
6.5598,23615.4,475504.3
6.5993,23757.6,472622.5
6.6389,23899.9,469740.6
6.6784,24042.2,469740.6
6.7179,24184.4,466858.8
6.7574,24326.7,463976.9
6.7969,24468.9,463976.9
6.8364,24611.2,458213.3
6.8760,24753.5,458213.3
6.9155,24895.7,458213.3
6.9550,25038.0,452449.6
6.9945,25180.2,452449.6
7.0340,25322.5,452449.6
7.0735,25464.8,446685.9
7.1131,25607.0,446685.9
7.1526,25749.3,446685.9
7.1921,25891.5,440922.2
7.2316,26033.8,440922.2
7.2711,26176.1,440922.2
7.3106,26318.3,435158.5
7.3502,26460.6,435158.5
7.3897,26602.9,435158.5
7.4292,26745.1,429394.8
7.4687,26887.4,429394.8
7.5082,27029.6,429394.8
7.5477,27171.9,423631.1
7.5873,27314.2,423631.1
7.6268,27456.4,423631.1
7.6663,27598.7,417867.4
7.7058,27740.9,417867.4
7.7453,27883.2,417867.4
7.7849,28025.5,412103.7
7.8244,28167.7,412103.7
7.8639,28310.0,412103.7
7.9034,28452.3,406340.1
7.9429,28594.5,406340.1
7.9824,28736.8,406340.1
8.0220,28879.0,400576.4
8.0615,29021.3,400576.4
8.1010,29163.6,400576.4
8.1405,29305.8,397694.5
8.1800,29448.1,394812.7
8.2195,29590.3,394812.7
8.2591,29732.6,389049.0
8.2986,29874.9,389049.0
8.3381,30017.1,389049.0
8.3776,30159.4,386167.1
8.4171,30301.6,383285.3
8.4566,30443.9,383285.3
8.4962,30586.2,383285.3
8.5357,30728.4,377521.6
8.5752,30870.7,377521.6
8.6147,31013.0,377521.6
8.6542,31155.2,371757.9
8.6937,31297.5,371757.9
8.7333,31439.7,371757.9
8.7728,31582.0,368876.1
8.8123,31724.3,365994.2
8.8518,31866.5,365994.2
8.8913,32008.8,365994.2
8.9308,32151.0,360230.5
8.9704,32293.3,360230.5
9.0099,32435.6,360230.5
9.0494,32577.8,360230.5
9.0889,32720.1,354466.9
9.1284,32862.3,354466.9
9.1679,33004.6,354466.9
9.2075,33146.9,351585.0
9.2470,33289.1,348703.2
9.2865,33431.4,348703.2
9.3260,33573.7,348703.2
9.3655,33715.9,345821.3
9.4050,33858.2,342939.5
9.4446,34000.4,342939.5
9.4841,34142.7,342939.5
9.5236,34285.0,337175.8
9.5631,34427.2,337175.8
9.6026,34569.5,337175.8
9.6422,34711.7,337175.8
9.6817,34854.0,331412.1
9.7212,34996.3,331412.1
9.7607,35138.5,331412.1
9.8002,35280.8,328530.3
9.8397,35423.1,325648.4
9.8793,35565.3,325648.4
9.9188,35707.6,325648.4
9.9583,35849.8,322766.6
9.9978,35992.1,319884.7
10.0373,36134.4,319884.7
10.0768,36276.6,319884.7
10.1164,36418.9,317002.9
10.1559,36561.1,314121.0
10.1954,36703.4,314121.0
10.2349,36845.7,314121.0
10.2744,36987.9,311239.2
10.3139,37130.2,308357.3
10.3535,37272.4,308357.3
10.3930,37414.7,308357.3
10.4325,37557.0,305475.5
10.4720,37699.2,305475.5
10.5115,37841.5,302593.7
10.5510,37983.8,302593.7
10.5906,38126.0,302593.7
10.6301,38268.3,299711.8
10.6696,38410.5,296830.0
10.7091,38552.8,296830.0
10.7486,38695.1,296830.0
10.7881,38837.3,293948.1
10.8277,38979.6,296830.0
10.9462,39406.4,282420.7
10.9857,39548.6,282420.7
11.0252,39690.9,285302.6
11.0648,39833.2,282420.7
11.1043,39975.4,282420.7
11.1438,40117.7,282420.7
11.1833,40259.9,279538.9
11.2228,40402.2,276657.1
11.2623,40544.5,276657.1
11.3019,40686.7,276657.1
11.3414,40829.0,276657.1
11.3809,40971.2,273775.2
11.4204,41113.5,270893.4
11.4599,41255.8,270893.4
11.4995,41398.0,270893.4
11.5390,41540.3,270893.4
11.5785,41682.5,265129.7
11.6180,41824.8,265129.7
11.6575,41967.1,265129.7
11.6970,42109.3,265129.7
11.7366,42251.6,262247.8
11.7761,42393.9,259366.0
11.8156,42536.1,259366.0
11.8551,42678.4,259366.0
11.8946,42820.6,259366.0
11.9341,42962.9,256484.1
11.9737,43105.2,253602.3
12.0132,43247.4,253602.3
12.0527,43389.7,253602.3
12.0922,43531.9,253602.3
12.1317,43674.2,247838.6
12.1712,43816.5,247838.6
12.2108,43958.7,247838.6
12.2503,44101.0,247838.6
12.2898,44243.2,247838.6
12.3293,44385.5,242074.9
12.3688,44527.8,242074.9
12.4083,44670.0,242074.9
12.4479,44812.3,239193.1
12.4874,44954.6,242074.9
12.5269,45096.8,239193.1
12.5664,45239.1,239193.1
12.6059,45381.3,239193.1
12.6454,45523.6,239193.1
12.6850,45665.9,236311.2
12.7245,45808.1,236311.2
12.7640,45950.4,233429.4
12.8035,46092.6,233429.4
12.8430,46234.9,233429.4
12.8825,46377.2,233429.4
12.9221,46519.4,230547.6
12.9616,46661.7,227665.7
13.0011,46804.0,227665.7
13.0406,46946.2,227665.7
13.0801,47088.5,227665.7
13.1196,47230.7,224783.9
13.1592,47373.0,224783.9
13.1987,47515.3,221902.0
13.2382,47657.5,221902.0
13.2777,47799.8,221902.0
13.3172,47942.0,221902.0
13.3568,48084.3,219020.2
13.3963,48226.6,219020.2
13.4358,48368.8,216138.3
13.4753,48511.1,216138.3
13.5148,48653.3,216138.3
13.5543,48795.6,216138.3
13.5939,48937.9,213256.5
13.6334,49080.1,213256.5
13.6729,49222.4,210374.6
13.7124,49364.7,210374.6
13.7519,49506.9,210374.6
13.7914,49649.2,210374.6
13.8310,49791.4,207492.8
13.8705,49933.7,207492.8
13.9100,50076.0,204611.0
13.9495,50218.2,204611.0
13.9890,50360.5,204611.0
14.0285,50502.7,204611.0
14.0681,50645.0,201729.1
14.1076,50787.3,201729.1
14.1471,50929.5,201729.1
14.1866,51071.8,198847.3
14.2261,51214.1,198847.3
14.2656,51356.3,198847.3
14.3052,51498.6,195965.4
14.3447,51640.8,195965.4
14.3842,51783.1,193083.6
14.4237,51925.4,193083.6
14.4632,52067.6,193083.6
14.5027,52209.9,193083.6
14.5423,52352.1,193083.6
14.5818,52494.4,190201.7
14.6213,52636.7,190201.7
14.6608,52778.9,190201.7
14.7003,52921.2,187319.9
14.7398,53063.4,187319.9
14.7794,53205.7,187319.9
14.8189,53348.0,184438.0
14.8584,53490.2,184438.0
14.8979,53632.5,184438.0
14.9374,53774.8,181556.2
14.9769,53917.0,181556.2
15.0165,54059.3,181556.2
15.0560,54201.5,181556.2
15.0955,54343.8,178674.4
15.1350,54486.1,178674.4
15.1745,54628.3,178674.4
15.2141,54770.6,175792.5
15.2536,54912.8,175792.5
15.2931,55055.1,175792.5
15.3326,55197.4,175792.5
15.3721,55339.6,175792.5
15.4116,55481.9,172910.7
15.4512,55624.1,172910.7
15.4907,55766.4,172910.7
15.5302,55908.7,170028.8
15.5697,56050.9,170028.8
15.6092,56193.2,170028.8
15.6487,56335.5,170028.8
15.6883,56477.7,167147.0
15.7278,56620.0,167147.0
15.7673,56762.2,167147.0
15.8068,56904.5,164265.1
15.8463,57046.8,164265.1
15.8858,57189.0,164265.1
15.9254,57331.3,164265.1
15.9649,57473.5,164265.1
16.0044,57615.8,161383.3
16.0439,57758.1,161383.3
16.0834,57900.3,158501.4
16.1229,58042.6,158501.4
16.1625,58184.9,158501.4
16.2020,58327.1,158501.4
16.2415,58469.4,158501.4
16.2810,58611.6,158501.4
16.3205,58753.9,155619.6
16.3600,58896.2,155619.6
16.3996,59038.4,152737.8
16.4391,59180.7,152737.8
16.4786,59322.9,152737.8
16.5181,59465.2,152737.8
16.5576,59607.5,152737.8
16.5971,59749.7,152737.8
16.6367,59892.0,152737.8
16.6762,60034.2,149855.9
16.7157,60176.5,149855.9
16.7552,60318.8,149855.9
16.7947,60461.0,146974.1
16.8342,60603.3,146974.1
16.8738,60745.6,146974.1
16.9133,60887.8,146974.1
16.9528,61030.1,146974.1
16.9923,61172.3,144092.2
17.0318,61314.6,144092.2
17.0714,61456.9,144092.2
17.1109,61599.1,141210.4
17.1504,61741.4,141210.4
17.1899,61883.6,141210.4
17.2294,62025.9,141210.4
17.2689,62168.2,141210.4
17.3085,62310.4,141210.4
17.3480,62452.7,138328.5
17.3875,62595.0,138328.5
17.4270,62737.2,138328.5
17.4665,62879.5,135446.7
17.5060,63021.7,135446.7
17.5456,63164.0,135446.7
17.5851,63306.3,135446.7
17.6246,63448.5,135446.7
17.6641,63590.8,132564.8
17.7036,63733.0,132564.8
17.7431,63875.3,132564.8
17.7827,64017.6,132564.8
17.8222,64159.8,132564.8
17.8617,64302.1,129683.0
17.9012,64444.3,129683.0
17.9407,64586.6,129683.0
17.9802,64728.9,129683.0
18.0198,64871.1,129683.0
18.0593,65013.4,129683.0
18.0988,65155.7,126801.2
18.1383,65297.9,126801.2
18.1778,65440.2,126801.2
18.2173,65582.4,126801.2
18.2569,65724.7,123919.3
18.2964,65867.0,123919.3
18.3359,66009.2,123919.3
18.3754,66151.5,123919.3
18.4149,66293.7,123919.3
18.4544,66436.0,121037.5
18.4940,66578.3,121037.5
18.5335,66720.5,121037.5
18.5730,66862.8,121037.5
18.6125,67005.0,121037.5
18.6520,67147.3,118155.6
18.6915,67289.6,118155.6
18.7311,67431.8,118155.6
18.7706,67574.1,118155.6
18.8101,67716.4,118155.6
18.8496,67858.6,118155.6
18.8891,68000.9,115273.8
18.9286,68143.1,115273.8
18.9682,68285.4,115273.8
19.0077,68427.7,115273.8
19.0472,68569.9,112391.9
19.0867,68712.2,112391.9
19.1262,68854.4,112391.9
19.1658,68996.7,112391.9
19.2053,69139.0,112391.9
19.2448,69281.2,112391.9
19.2843,69423.5,112391.9
19.3238,69565.8,109510.1
19.3633,69708.0,109510.1
19.4029,69850.3,109510.1
19.4424,69992.5,109510.1
19.4819,70134.8,109510.1
19.5214,70277.1,106628.2
19.5609,70419.3,106628.2
19.6004,70561.6,106628.2
19.6400,70703.8,106628.2
19.6795,70846.1,106628.2
19.7190,70988.4,106628.2
19.7585,71130.6,103746.4
19.7980,71272.9,103746.4
19.8375,71415.1,103746.4
19.8771,71557.4,103746.4
19.9166,71699.7,103746.4
19.9561,71841.9,100864.6
19.9956,71984.2,100864.6
20.0351,72126.5,100864.6
20.0746,72268.7,100864.6
20.1142,72411.0,100864.6
20.1537,72553.2,100864.6
20.1932,72695.5,100864.6
20.2327,72837.8,100864.6
20.2722,72980.0,100864.6
20.3117,73122.3,97982.7
20.3513,73264.5,97982.7
20.3908,73406.8,97982.7
20.4303,73549.1,97982.7
20.4698,73691.3,97982.7
20.5093,73833.6,95100.9
20.5488,73975.9,95100.9
20.5884,74118.1,95100.9
20.6279,74260.4,95100.9
20.6674,74402.6,95100.9
20.7069,74544.9,95100.9
20.7464,74687.2,95100.9
20.7859,74829.4,95100.9
20.8255,74971.7,95100.9
20.8650,75113.9,95100.9
20.9045,75256.2,92219.0
20.9440,75398.5,92219.0
20.9835,75540.7,92219.0
21.0231,75683.0,89337.2
21.0626,75825.2,89337.2
21.1021,75967.5,89337.2
21.1416,76109.8,89337.2
21.1811,76252.0,89337.2
21.2206,76394.3,89337.2
21.2602,76536.6,89337.2
21.2997,76678.8,89337.2
21.3392,76821.1,89337.2
21.3787,76963.3,86455.3
21.4182,77105.6,86455.3
21.4577,77247.9,86455.3
21.4973,77390.1,86455.3
21.5368,77532.4,86455.3
21.5763,77674.6,86455.3
21.6158,77816.9,86455.3
21.6553,77959.2,83573.5
21.6948,78101.4,83573.5
21.7344,78243.7,83573.5
21.7739,78385.9,83573.5
21.8134,78528.2,83573.5
21.8529,78670.5,83573.5
21.8924,78812.7,83573.5
21.9319,78955.0,83573.5
21.9715,79097.3,83573.5
22.0110,79239.5,80691.6
22.0505,79381.8,80691.6
22.0900,79524.0,80691.6
22.1295,79666.3,80691.6
22.1690,79808.6,80691.6
22.2086,79950.8,80691.6
22.2481,80093.1,77809.8
22.2876,80235.3,77809.8
22.3271,80377.6,77809.8
22.3666,80519.9,77809.8
22.4061,80662.1,77809.8
22.4457,80804.4,77809.8
22.4852,80946.7,77809.8
22.5247,81088.9,77809.8
22.5642,81231.2,77809.8
22.6037,81373.4,74928.0
22.6432,81515.7,74928.0
22.6828,81658.0,74928.0
22.7223,81800.2,74928.0
22.7618,81942.5,74928.0
22.8013,82084.7,74928.0
22.8408,82227.0,74928.0
22.8804,82369.3,74928.0
22.9199,82511.5,72046.1
22.9594,82653.8,72046.1
22.9989,82796.0,72046.1
23.0384,82938.3,72046.1
23.0779,83080.6,72046.1
23.1175,83222.8,72046.1
23.1570,83365.1,72046.1
23.1965,83507.4,72046.1
23.2360,83649.6,72046.1
23.2755,83791.9,72046.1
23.3150,83934.1,72046.1
23.3546,84076.4,72046.1
23.3941,84218.7,69164.3
23.4336,84360.9,69164.3
23.4731,84503.2,69164.3
23.5126,84645.4,69164.3
23.5521,84787.7,69164.3
23.5917,84930.0,69164.3
23.6312,85072.2,69164.3
23.6707,85214.5,66282.4
23.7102,85356.8,66282.4
23.7497,85499.0,66282.4
23.7892,85641.3,66282.4
23.8288,85783.5,66282.4
23.8683,85925.8,66282.4
23.9078,86068.1,66282.4
23.9473,86210.3,66282.4
23.9868,86352.6,66282.4
24.0263,86494.8,66282.4
24.0659,86637.1,66282.4
24.1054,86779.4,63400.6
24.1449,86921.6,63400.6
24.1844,87063.9,63400.6
24.2239,87206.1,63400.6
24.2634,87348.4,63400.6
24.3030,87490.7,63400.6
24.3425,87632.9,63400.6
24.3820,87775.2,63400.6
24.4215,87917.5,63400.6
24.4610,88059.7,60518.7
24.5005,88202.0,60518.7
24.5401,88344.2,60518.7
24.5796,88486.5,60518.7
24.6191,88628.8,60518.7
24.6586,88771.0,60518.7
24.6981,88913.3,60518.7
24.7377,89055.5,60518.7
24.7772,89197.8,60518.7
24.8167,89340.1,60518.7
24.8562,89482.3,60518.7
24.8957,89624.6,60518.7
24.9352,89766.8,57636.9
24.9748,89909.1,57636.9
25.0143,90051.4,57636.9
25.0538,90193.6,57636.9
25.0933,90335.9,57636.9
25.1328,90478.2,57636.9
25.1723,90620.4,57636.9
25.2119,90762.7,57636.9
25.2514,90904.9,57636.9
25.2909,91047.2,54755.0
25.3304,91189.5,54755.0
25.3699,91331.7,54755.0
25.4094,91474.0,54755.0
25.4490,91616.2,54755.0
25.4885,91758.5,54755.0
25.5280,91900.8,54755.0
25.5675,92043.0,54755.0
25.6070,92185.3,54755.0
25.6465,92327.6,54755.0
25.6861,92469.8,54755.0
25.7256,92612.1,54755.0
25.7651,92754.3,54755.0
25.8046,92896.6,54755.0
25.8441,93038.9,51873.2
25.8836,93181.1,51873.2
25.9232,93323.4,51873.2
25.9627,93465.6,51873.2
26.0022,93607.9,51873.2
26.0417,93750.2,51873.2
26.0812,93892.4,51873.2
26.1207,94034.7,51873.2
26.1603,94176.9,51873.2
26.1998,94319.2,51873.2
26.2393,94461.5,48991.4
26.2788,94603.7,48991.4
26.3183,94746.0,48991.4
26.3578,94888.3,48991.4
26.3974,95030.5,48991.4
26.4369,95172.8,48991.4
26.4764,95315.0,48991.4
26.5159,95457.3,48991.4
26.5554,95599.6,48991.4
26.5950,95741.8,48991.4
26.6345,95884.1,48991.4
26.6740,96026.3,48991.4
26.7135,96168.6,48991.4
26.7530,96310.9,46109.5
26.7925,96453.1,46109.5
26.8321,96595.4,46109.5
26.8716,96737.7,46109.5
26.9111,96879.9,46109.5
26.9506,97022.2,46109.5
26.9901,97164.4,46109.5
27.0296,97306.7,46109.5
27.0692,97449.0,46109.5
27.1087,97591.2,46109.5
27.1482,97733.5,46109.5
27.1877,97875.7,46109.5
27.2272,98018.0,43227.7
27.2667,98160.3,43227.7
27.3063,98302.5,43227.7
27.3458,98444.8,43227.7
27.3853,98587.0,43227.7
27.4248,98729.3,43227.7
27.4643,98871.6,43227.7
27.5038,99013.8,43227.7
27.5434,99156.1,43227.7
27.5829,99298.4,43227.7
27.6224,99440.6,43227.7
27.6619,99582.9,43227.7
27.7014,99725.1,43227.7
27.7409,99867.4,43227.7
27.7805,100009.7,43227.7
27.8200,100151.9,43227.7
27.8595,100294.2,43227.7
27.8990,100436.4,40345.8
27.9385,100578.7,40345.8
27.9780,100721.0,40345.8
28.0176,100863.2,40345.8
28.0571,101005.5,40345.8
28.0966,101147.7,40345.8
28.1361,101290.0,40345.8
28.1756,101432.3,43227.7
28.3337,102001.3,34582.1
28.3732,102143.6,37464.0
28.4127,102285.8,37464.0
28.4523,102428.1,37464.0
28.4918,102570.4,37464.0
28.5313,102712.6,34582.1
28.5708,102854.9,34582.1
28.6103,102997.1,34582.1
28.6498,103139.4,34582.1
28.6894,103281.7,34582.1
28.7289,103423.9,34582.1
28.7684,103566.2,34582.1
28.8079,103708.5,34582.1
28.8474,103850.7,34582.1
28.8869,103993.0,34582.1
28.9265,104135.2,34582.1
28.9660,104277.5,34582.1
29.0055,104419.8,34582.1
29.0450,104562.0,34582.1
29.0845,104704.3,34582.1
29.1240,104846.5,34582.1
29.1636,104988.8,31700.3
29.2031,105131.1,31700.3
29.2426,105273.3,31700.3
29.2821,105415.6,31700.3
29.3216,105557.8,31700.3
29.3611,105700.1,31700.3
29.4007,105842.4,31700.3
29.4402,105984.6,31700.3
29.4797,106126.9,31700.3
29.5192,106269.2,31700.3
29.5587,106411.4,31700.3
29.5982,106553.7,31700.3
29.6378,106695.9,31700.3
29.6773,106838.2,31700.3
29.7168,106980.5,31700.3
29.7563,107122.7,31700.3
29.7958,107265.0,31700.3
29.8353,107407.2,31700.3
29.8749,107549.5,31700.3
29.9144,107691.8,31700.3
29.9539,107834.0,28818.4
29.9934,107976.3,28818.4
30.0329,108118.6,28818.4
30.0724,108260.8,28818.4
30.1120,108403.1,28818.4
30.1515,108545.3,28818.4
30.1910,108687.6,28818.4
30.2305,108829.9,28818.4
30.2700,108972.1,28818.4
30.3095,109114.4,25936.6
30.3491,109256.6,25936.6
30.3886,109398.9,25936.6
30.4281,109541.2,25936.6
30.4676,109683.4,25936.6
30.5071,109825.7,25936.6
30.5467,109967.9,25936.6
30.5862,110110.2,25936.6
30.6257,110252.5,25936.6
30.6652,110394.7,25936.6
30.7047,110537.0,25936.6
30.7442,110679.3,25936.6
30.7838,110821.5,25936.6
30.8233,110963.8,25936.6
30.8628,111106.0,25936.6
30.9023,111248.3,25936.6
30.9418,111390.6,25936.6
30.9813,111532.8,25936.6
31.0209,111675.1,25936.6
31.0604,111817.3,25936.6
31.0999,111959.6,25936.6
31.1394,112101.9,25936.6
31.1789,112244.1,25936.6
31.2184,112386.4,25936.6
31.2580,112528.6,25936.6
31.2975,112670.9,25936.6
31.3370,112813.2,25936.6
31.3765,112955.4,25936.6
31.4160,113097.7,25936.6
31.4555,113240.0,25936.6
31.4951,113382.2,25936.6
31.5346,113524.5,23054.8
31.5741,113666.7,23054.8
31.6136,113809.0,20172.9
31.6531,113951.3,20172.9
31.6926,114093.5,20172.9
31.7322,114235.8,20172.9
31.7717,114378.0,20172.9
31.8112,114520.3,20172.9
31.8507,114662.6,20172.9
31.8902,114804.8,20172.9
31.9297,114947.1,20172.9
31.9693,115089.4,20172.9
32.0088,115231.6,20172.9
32.0483,115373.9,20172.9
32.0878,115516.1,20172.9
32.1273,115658.4,20172.9
32.1668,115800.7,20172.9
32.2064,115942.9,20172.9
32.2459,116085.2,20172.9
32.2854,116227.4,20172.9
32.3249,116369.7,20172.9
32.3644,116512.0,20172.9
32.4040,116654.2,20172.9
32.4435,116796.5,20172.9
32.4830,116938.7,20172.9
32.5225,117081.0,20172.9
32.5620,117223.3,20172.9
32.6015,117365.5,20172.9
32.6411,117507.8,20172.9
32.6806,117650.1,20172.9
32.7201,117792.3,20172.9
32.7596,117934.6,20172.9
32.7991,118076.8,20172.9
32.8386,118219.1,20172.9
32.8782,118361.4,20172.9
32.9177,118503.6,20172.9
32.9572,118645.9,20172.9
32.9967,118788.1,20172.9
33.0362,118930.4,20172.9
33.0757,119072.7,17291.1
33.1153,119214.9,17291.1
33.1548,119357.2,17291.1
33.1943,119499.5,17291.1
33.2338,119641.7,17291.1
33.2733,119784.0,17291.1
33.3128,119926.2,17291.1
33.3524,120068.5,17291.1
33.3919,120210.8,17291.1
33.4314,120353.0,17291.1
33.4709,120495.3,17291.1
33.5104,120637.5,14409.2
33.5499,120779.8,14409.2
33.5895,120922.1,14409.2
33.6290,121064.3,14409.2
33.6685,121206.6,14409.2
33.7080,121348.8,14409.2
33.7475,121491.1,14409.2
33.7870,121633.4,14409.2
33.8266,121775.6,14409.2
33.8661,121917.9,14409.2
33.9056,122060.2,14409.2
33.9451,122202.4,14409.2
33.9846,122344.7,14409.2
34.0241,122486.9,14409.2
34.0637,122629.2,14409.2
34.1032,122771.5,14409.2
34.1427,122913.7,14409.2
34.1822,123056.0,14409.2
34.2217,123198.2,14409.2
34.2613,123340.5,14409.2
34.3008,123482.8,14409.2
34.3403,123625.0,14409.2
34.3798,123767.3,14409.2
34.4193,123909.5,14409.2
34.4588,124051.8,14409.2
34.4984,124194.1,14409.2
34.5379,124336.3,14409.2
34.5774,124478.6,14409.2
34.6169,124620.9,14409.2
34.6564,124763.1,14409.2
34.6959,124905.4,14409.2
34.7355,125047.6,14409.2
34.7750,125189.9,11527.4
34.8145,125332.2,11527.4
34.8540,125474.4,11527.4
34.8935,125616.7,11527.4
34.9330,125758.9,11527.4
34.9726,125901.2,11527.4
35.0121,126043.5,11527.4
35.0516,126185.7,11527.4
35.0911,126328.0,11527.4
35.1306,126470.3,11527.4
35.1701,126612.5,11527.4
35.2097,126754.8,11527.4
35.2492,126897.0,11527.4
35.2887,127039.3,11527.4
35.3282,127181.6,11527.4
35.3677,127323.8,11527.4
35.4072,127466.1,11527.4
35.4468,127608.3,11527.4
35.4863,127750.6,11527.4
35.5258,127892.9,11527.4
35.5653,128035.1,11527.4
35.6048,128177.4,11527.4
35.6443,128319.6,11527.4
35.6839,128461.9,11527.4
35.7234,128604.2,11527.4
35.7629,128746.4,11527.4
35.8024,128888.7,11527.4
35.8419,129031.0,11527.4
35.8814,129173.2,11527.4
35.9210,129315.5,11527.4
35.9605,129457.7,11527.4
36.0000,129600.0,11527.4
36.0395,129742.3,11527.4
36.0790,129884.5,8645.5
36.1186,130026.8,8645.5
36.1581,130169.0,8645.5
36.1976,130311.3,8645.5
36.2371,130453.6,8645.5
36.2766,130595.8,8645.5
36.3161,130738.1,8645.5
36.3557,130880.4,8645.5
36.3952,131022.6,8645.5
36.4347,131164.9,8645.5
36.4742,131307.1,8645.5
36.5137,131449.4,8645.5
36.5532,131591.7,8645.5
36.5928,131733.9,8645.5
36.6323,131876.2,8645.5
36.6718,132018.4,8645.5
36.7113,132160.7,8645.5
36.7508,132303.0,8645.5
36.7903,132445.2,8645.5
36.8299,132587.5,8645.5
36.8694,132729.7,8645.5
36.9089,132872.0,8645.5
36.9484,133014.3,8645.5
36.9879,133156.5,5763.7
37.0274,133298.8,5763.7
37.0670,133441.1,5763.7
37.1065,133583.3,5763.7
37.1460,133725.6,5763.7
37.1855,133867.8,5763.7
37.2250,134010.1,5763.7
37.2645,134152.4,5763.7
37.3041,134294.6,5763.7
37.3436,134436.9,5763.7
37.3831,134579.1,5763.7
37.4226,134721.4,5763.7
37.4621,134863.7,5763.7
37.5016,135005.9,5763.7
37.5412,135148.2,5763.7
37.5807,135290.5,5763.7
37.6202,135432.7,5763.7
37.6597,135575.0,5763.7
37.6992,135717.2,5763.7
37.7387,135859.5,5763.7
37.7783,136001.8,5763.7
37.8178,136144.0,5763.7
37.8573,136286.3,5763.7
37.8968,136428.5,5763.7
37.9363,136570.8,5763.7
37.9759,136713.1,5763.7
38.0154,136855.3,5763.7
38.0549,136997.6,5763.7
38.0944,137139.8,5763.7
38.1339,137282.1,5763.7
38.1734,137424.4,5763.7
38.2130,137566.6,5763.7
38.2525,137708.9,5763.7
38.2920,137851.2,5763.7
38.3315,137993.4,5763.7
38.3710,138135.7,5763.7
38.4105,138277.9,5763.7
38.4501,138420.2,5763.7
38.4896,138562.5,5763.7
38.5291,138704.7,5763.7
38.5686,138847.0,5763.7
38.6081,138989.2,5763.7
38.6476,139131.5,5763.7
38.6872,139273.8,5763.7
38.7267,139416.0,5763.7
38.7662,139558.3,5763.7
38.8057,139700.5,5763.7
38.8452,139842.8,5763.7
38.8847,139985.1,5763.7
38.9243,140127.3,5763.7
38.9638,140269.6,5763.7
39.0033,140411.9,5763.7
39.0428,140554.1,5763.7
39.0823,140696.4,5763.7
39.1218,140838.6,5763.7
39.1614,140980.9,5763.7
39.2009,141123.2,5763.7
39.2404,141265.4,5763.7
39.2799,141407.7,5763.7
39.3194,141549.9,5763.7
39.3589,141692.2,5763.7
39.3985,141834.5,5763.7
39.4380,141976.7,5763.7
39.4775,142119.0,5763.7
39.5170,142261.3,5763.7
39.5565,142403.5,5763.7
39.5960,142545.8,5763.7
39.6356,142688.0,5763.7
39.6751,142830.3,5763.7
39.7146,142972.6,5763.7
39.7541,143114.8,5763.7
39.7936,143257.1,5763.7
39.8332,143399.3,5763.7
45.2075,162746.9,23054.8
45.2470,162889.1,25936.6
45.2865,163031.4,25936.6
45.3260,163173.7,25936.6
45.3655,163315.9,31700.3
45.4050,163458.2,31700.3
45.4446,163600.4,34582.1
45.4841,163742.7,34582.1
45.5236,163885.0,34582.1
45.5631,164027.2,34582.1
45.6026,164169.5,34582.1
45.6422,164311.7,31700.3
45.6817,164454.0,31700.3
45.7212,164596.3,31700.3
45.7607,164738.5,31700.3
45.8002,164880.8,31700.3
45.8397,165023.1,31700.3
45.8793,165165.3,31700.3
45.9188,165307.6,31700.3
45.9583,165449.8,31700.3
45.9978,165592.1,31700.3
46.0373,165734.4,31700.3
46.0768,165876.6,31700.3
46.1164,166018.9,31700.3
46.1559,166161.1,31700.3
46.1954,166303.4,31700.3
46.2349,166445.7,31700.3
46.2744,166587.9,31700.3
46.3139,166730.2,31700.3
46.3535,166872.4,31700.3
46.3930,167014.7,31700.3
46.4325,167157.0,31700.3
46.4720,167299.2,31700.3
46.5115,167441.5,31700.3
46.5510,167583.8,31700.3
46.5906,167726.0,31700.3
46.6301,167868.3,31700.3
46.6696,168010.5,31700.3
46.7091,168152.8,31700.3
46.7486,168295.1,31700.3
46.7881,168437.3,31700.3
46.8277,168579.6,28818.4
46.8672,168721.8,28818.4
46.9067,168864.1,28818.4
46.9462,169006.4,28818.4
46.9857,169148.6,28818.4
47.0252,169290.9,28818.4
47.0648,169433.2,28818.4
47.1043,169575.4,28818.4
47.1438,169717.7,28818.4
47.1833,169859.9,28818.4
47.2228,170002.2,28818.4
47.2623,170144.5,28818.4
47.3019,170286.7,28818.4
47.3414,170429.0,28818.4
47.3809,170571.2,28818.4
47.4204,170713.5,28818.4
47.4599,170855.8,28818.4
47.4995,170998.0,28818.4
47.5390,171140.3,28818.4
47.5785,171282.5,28818.4
47.6180,171424.8,28818.4
47.6575,171567.1,28818.4
47.6970,171709.3,25936.6
47.7366,171851.6,25936.6
47.7761,171993.9,25936.6
47.8156,172136.1,25936.6
47.8551,172278.4,25936.6
47.8946,172420.6,25936.6
47.9341,172562.9,25936.6
47.9737,172705.2,25936.6
48.0132,172847.4,25936.6
48.0527,172989.7,25936.6
48.0922,173131.9,25936.6
48.1317,173274.2,25936.6
48.1712,173416.5,25936.6
48.2108,173558.7,25936.6
48.2503,173701.0,25936.6
48.2898,173843.2,25936.6
48.3293,173985.5,25936.6
48.3688,174127.8,25936.6
48.4083,174270.0,25936.6
48.4479,174412.3,25936.6
48.4874,174554.6,25936.6
48.5269,174696.8,25936.6
48.5664,174839.1,25936.6
48.6059,174981.3,25936.6
48.6454,175123.6,25936.6
48.6850,175265.9,25936.6
48.7245,175408.1,25936.6
48.7640,175550.4,23054.8
48.8035,175692.6,23054.8
48.8430,175834.9,23054.8
48.8825,175977.2,23054.8
48.9221,176119.4,23054.8
48.9616,176261.7,23054.8
49.0011,176404.0,23054.8
49.0406,176546.2,23054.8
49.0801,176688.5,23054.8
49.1196,176830.7,23054.8
49.1592,176973.0,23054.8
49.1987,177115.3,23054.8
49.2382,177257.5,23054.8
49.2777,177399.8,23054.8
49.3172,177542.0,23054.8
49.3568,177684.3,23054.8
49.3963,177826.6,23054.8
49.4358,177968.8,23054.8
49.4753,178111.1,23054.8
49.5148,178253.3,23054.8
49.5543,178395.6,23054.8
49.5939,178537.9,23054.8
49.6334,178680.1,23054.8
49.6729,178822.4,23054.8
49.7124,178964.7,23054.8
49.7519,179106.9,23054.8
49.7914,179249.2,23054.8
49.8310,179391.4,23054.8
49.8705,179533.7,23054.8
49.9100,179676.0,23054.8
49.9495,179818.2,23054.8
49.9890,179960.5,23054.8
50.0285,180102.7,23054.8
50.0681,180245.0,23054.8
50.1076,180387.3,23054.8
50.1471,180529.5,23054.8
50.1866,180671.8,23054.8
50.2261,180814.1,23054.8
50.2656,180956.3,23054.8
50.3052,181098.6,23054.8
50.3447,181240.8,23054.8
50.3842,181383.1,23054.8
50.4237,181525.4,23054.8
50.4632,181667.6,23054.8
50.5027,181809.9,23054.8
50.5423,181952.1,23054.8
50.5818,182094.4,23054.8
50.6213,182236.7,23054.8
50.6608,182378.9,23054.8
50.7003,182521.2,23054.8
50.7398,182663.4,23054.8
50.7794,182805.7,23054.8
50.8189,182948.0,23054.8
50.8584,183090.2,23054.8
50.8979,183232.5,23054.8
50.9374,183374.8,23054.8
50.9769,183517.0,23054.8
51.0165,183659.3,23054.8
51.0560,183801.5,23054.8
51.0955,183943.8,23054.8
51.1350,184086.1,20172.9
51.1745,184228.3,20172.9
51.2141,184370.6,20172.9
51.2536,184512.8,20172.9
51.2931,184655.1,23054.8
51.3326,184797.4,23054.8
51.3721,184939.6,25936.6
51.4116,185081.9,28818.4
51.4512,185224.1,34582.1
51.4907,185366.4,37464.0
51.5302,185508.7,43227.7
51.5697,185650.9,46109.5
51.6092,185793.2,51873.2
51.6487,185935.5,57636.9
51.6883,186077.7,60518.7
51.7278,186220.0,66282.4
51.7673,186362.2,69164.3
51.8068,186504.5,74928.0
51.8463,186646.8,77809.8
51.8858,186789.0,86455.3
51.9254,186931.3,89337.2
51.9649,187073.5,89337.2
52.0044,187215.8,89337.2
52.0439,187358.1,89337.2
52.0834,187500.3,89337.2
52.1229,187642.6,86455.3
52.1625,187784.9,86455.3
52.2020,187927.1,86455.3
52.2415,188069.4,86455.3
52.2810,188211.6,86455.3
52.3205,188353.9,86455.3
52.3600,188496.2,83573.5
52.3996,188638.4,83573.5
52.4391,188780.7,83573.5
52.4786,188922.9,83573.5
52.5181,189065.2,83573.5
52.5576,189207.5,83573.5
52.5971,189349.7,83573.5
52.6367,189492.0,83573.5
52.6762,189634.2,83573.5
52.7157,189776.5,80691.6
52.7552,189918.8,80691.6
52.7947,190061.0,80691.6
52.8342,190203.3,80691.6
52.8738,190345.6,80691.6
52.9133,190487.8,80691.6
52.9528,190630.1,80691.6
52.9923,190772.3,77809.8
53.0318,190914.6,77809.8
53.0714,191056.9,77809.8
53.1109,191199.1,77809.8
53.1504,191341.4,77809.8
53.1899,191483.6,77809.8
53.2294,191625.9,77809.8
53.2689,191768.2,77809.8
53.3085,191910.4,77809.8
53.3480,192052.7,74928.0
53.3875,192195.0,74928.0
53.4270,192337.2,74928.0
53.4665,192479.5,74928.0
53.5060,192621.7,74928.0
53.5456,192764.0,74928.0
53.5851,192906.3,74928.0
53.6246,193048.5,72046.1
53.6641,193190.8,72046.1
53.7036,193333.0,72046.1
53.7431,193475.3,72046.1
53.7827,193617.6,72046.1
53.8222,193759.8,72046.1
53.8617,193902.1,72046.1
53.9012,194044.3,72046.1
53.9407,194186.6,72046.1
53.9802,194328.9,69164.3
54.0198,194471.1,69164.3
54.0593,194613.4,69164.3
54.0988,194755.7,69164.3
54.1383,194897.9,69164.3
54.1778,195040.2,69164.3
54.2173,195182.4,69164.3
54.2569,195324.7,69164.3
54.2964,195467.0,66282.4
54.3359,195609.2,66282.4
54.3754,195751.5,66282.4
54.4149,195893.7,66282.4
54.4544,196036.0,66282.4
54.4940,196178.3,66282.4
54.5335,196320.5,66282.4
54.5730,196462.8,66282.4
54.6125,196605.0,66282.4
54.6520,196747.3,66282.4
54.6915,196889.6,66282.4
54.7311,197031.8,63400.6
54.7706,197174.1,63400.6
54.8101,197316.4,63400.6
54.8496,197458.6,63400.6
54.8891,197600.9,63400.6
54.9286,197743.1,66282.4
54.9682,197885.4,66282.4
55.0077,198027.7,69164.3
55.0472,198169.9,74928.0
55.0867,198312.2,80691.6
55.1262,198454.4,83573.5
55.1658,198596.7,89337.2
55.2053,198739.0,92219.0
55.2448,198881.2,97982.7
55.2843,199023.5,100864.6
55.3238,199165.8,103746.4
55.3633,199308.0,109510.1
55.4029,199450.3,115273.8
55.4424,199592.5,118155.6
55.4819,199734.8,123919.3
55.5214,199877.1,126801.2
55.5609,200019.3,129683.0
55.6004,200161.6,135446.7
55.6400,200303.8,135446.7
55.6795,200446.1,135446.7
55.7190,200588.4,135446.7
55.7585,200730.6,135446.7
55.7980,200872.9,135446.7
55.8375,201015.1,135446.7
55.8771,201157.4,135446.7
55.9166,201299.7,132564.8
55.9561,201441.9,132564.8
55.9956,201584.2,132564.8
56.0351,201726.5,132564.8
56.0746,201868.7,129683.0
56.1142,202011.0,129683.0
56.1537,202153.2,129683.0
56.1932,202295.5,129683.0
56.2327,202437.8,129683.0
56.2722,202580.0,135446.7
56.3117,202722.3,138328.5
56.3513,202864.5,141210.4
56.3908,203006.8,146974.1
56.4303,203149.1,146974.1
56.4698,203291.3,149855.9
56.5093,203433.6,152737.8
56.5488,203575.9,155619.6
56.5884,203718.1,178674.4
56.6279,203860.4,178674.4
56.6674,204002.6,178674.4
56.7069,204144.9,181556.2
56.7464,204287.2,184438.0
56.7859,204429.4,190201.7
56.8255,204571.7,195965.4
56.8650,204713.9,207492.8
56.9045,204856.2,216138.3
56.9440,204998.5,227665.7
56.9835,205140.7,239193.1
57.0231,205283.0,250720.5
57.0626,205425.2,262247.8
57.1021,205567.5,270893.4
57.1416,205709.8,279538.9
57.1811,205852.0,288184.4
57.2206,205994.3,293948.1
57.2602,206136.6,302593.7
57.2997,206278.8,302593.7
57.3392,206421.1,308357.3
57.3787,206563.3,314121.0
57.4182,206705.6,314121.0
57.4577,206847.9,319884.7
57.4973,206990.1,319884.7
57.5368,207132.4,325648.4
57.5763,207274.6,328530.3
57.6158,207416.9,331412.1
57.6553,207559.2,337175.8
57.6948,207701.4,337175.8
57.7344,207843.7,342939.5
57.7739,207985.9,342939.5
57.8134,208128.2,348703.2
57.8529,208270.5,348703.2
57.8924,208412.7,354466.9
57.9319,208555.0,360230.5
57.9715,208697.3,360230.5
58.0110,208839.5,360230.5
58.0505,208981.8,360230.5
58.0900,209124.0,360230.5
58.1295,209266.3,357348.7
58.1690,209408.6,354466.9
58.2086,209550.8,354466.9
58.2481,209693.1,351585.0
58.2876,209835.3,351585.0
58.3271,209977.6,348703.2
58.3666,210119.9,348703.2
58.4061,210262.1,345821.3
58.4457,210404.4,342939.5
58.4852,210546.7,342939.5
58.5247,210688.9,342939.5
58.5642,210831.2,340057.6
58.6037,210973.4,337175.8
58.6432,211115.7,337175.8
58.6828,211258.0,337175.8
58.7223,211400.2,334293.9
58.7618,211542.5,331412.1
58.8013,211684.7,331412.1
58.8408,211827.0,328530.3
58.8804,211969.3,325648.4
58.9199,212111.5,325648.4
58.9594,212253.8,325648.4
58.9989,212396.0,322766.6
59.0384,212538.3,322766.6
59.0779,212680.6,319884.7
59.1175,212822.8,319884.7
59.1570,212965.1,317002.9
59.1965,213107.4,314121.0
59.2360,213249.6,314121.0
59.2755,213391.9,314121.0
59.3150,213534.1,311239.2
59.3546,213676.4,308357.3
59.3941,213818.7,308357.3
59.4336,213960.9,308357.3
59.4731,214103.2,305475.5
59.5126,214245.4,305475.5
59.5521,214387.7,302593.7
59.5917,214530.0,302593.7
59.6312,214672.2,302593.7
59.6707,214814.5,296830.0
59.7102,214956.8,296830.0
59.7497,215099.0,296830.0
59.7892,215241.3,296830.0
59.8288,215383.5,293948.1
59.8683,215525.8,291066.3
59.9078,215668.1,291066.3
59.9473,215810.3,291066.3
59.9868,215952.6,291066.3
60.0263,216094.8,285302.6
60.0659,216237.1,288184.4
60.1054,216379.4,291066.3
60.1449,216521.6,296830.0
60.1844,216663.9,299711.8
60.2239,216806.1,302593.7
60.2634,216948.4,308357.3
60.3030,217090.7,308357.3
60.3425,217232.9,314121.0
60.3820,217375.2,314121.0
60.4215,217517.5,319884.7
60.4610,217659.7,325648.4
60.5005,217802.0,325648.4
60.5401,217944.2,331412.1
60.5796,218086.5,331412.1
60.6191,218228.8,337175.8
60.6586,218371.0,340057.6
60.6981,218513.3,342939.5
60.7377,218655.5,345821.3
60.7772,218797.8,348703.2
60.8167,218940.1,351585.0
60.8562,219082.3,354466.9
60.8957,219224.6,360230.5
60.9352,219366.8,360230.5
60.9748,219509.1,365994.2
61.0143,219651.4,365994.2
61.0538,219793.6,371757.9
61.0933,219935.9,371757.9
61.1328,220078.2,377521.6
61.1723,220220.4,380403.5
61.2119,220362.7,383285.3
61.2514,220504.9,389049.0
61.2909,220647.2,389049.0
61.3304,220789.5,394812.7
61.3699,220931.7,394812.7
61.4094,221074.0,400576.4
61.4490,221216.2,400576.4
61.4885,221358.5,406340.1
61.5280,221500.8,406340.1
61.5675,221643.0,412103.7
61.6070,221785.3,412103.7
61.6465,221927.6,417867.4
61.6861,222069.8,417867.4
61.7256,222212.1,423631.1
61.7651,222354.3,423631.1
61.8046,222496.6,429394.8
61.8441,222638.9,429394.8
61.8836,222781.1,435158.5
61.9232,222923.4,435158.5
61.9627,223065.6,440922.2
62.0022,223207.9,440922.2
62.0417,223350.2,446685.9
62.0812,223492.4,446685.9
62.1207,223634.7,452449.6
62.1603,223776.9,452449.6
62.1998,223919.2,458213.3
62.2393,224061.5,458213.3
62.2788,224203.7,463976.9
62.3183,224346.0,463976.9
62.3578,224488.3,466858.8
62.3974,224630.5,466858.8
62.4369,224772.8,463976.9
62.4764,224915.0,463976.9
62.5159,225057.3,458213.3
62.5554,225199.6,458213.3
62.5950,225341.8,458213.3
62.6345,225484.1,452449.6
62.6740,225626.3,452449.6
62.7135,225768.6,452449.6
62.7530,225910.9,446685.9
62.7925,226053.1,446685.9
62.8321,226195.4,443804.0
62.8716,226337.7,440922.2
62.9111,226479.9,440922.2
62.9506,226622.2,440922.2
62.9901,226764.4,446685.9
63.0296,226906.7,446685.9
63.0692,227049.0,446685.9
63.1087,227191.2,446685.9
63.1482,227333.5,440922.2
63.1877,227475.7,440922.2
63.2272,227618.0,440922.2
63.2667,227760.3,435158.5
63.3063,227902.5,435158.5
63.3458,228044.8,432276.7
63.3853,228187.0,429394.8
63.4248,228329.3,429394.8
63.4643,228471.6,426513.0
63.5038,228613.8,423631.1
63.5434,228756.1,423631.1
63.5829,228898.4,420749.3
63.6224,229040.6,417867.4
63.6619,229182.9,417867.4
63.7014,229325.1,414985.6
63.7409,229467.4,412103.7
63.7805,229609.7,412103.7
63.8200,229751.9,409221.9
63.8595,229894.2,406340.1
63.8990,230036.4,406340.1
63.9385,230178.7,406340.1
63.9780,230321.0,400576.4
64.0176,230463.2,400576.4
64.0571,230605.5,400576.4
64.0966,230747.7,394812.7
64.1361,230890.0,394812.7
64.1756,231032.3,394812.7
64.2151,231174.5,391930.8
64.2547,231316.8,389049.0
64.2942,231459.1,389049.0
64.3337,231601.3,386167.1
64.3732,231743.6,383285.3
64.4127,231885.8,383285.3
64.4523,232028.1,380403.5
64.4918,232170.4,377521.6
64.5313,232312.6,377521.6
64.5708,232454.9,377521.6
64.6103,232597.1,371757.9
64.6498,232739.4,371757.9
64.6894,232881.7,371757.9
64.7289,233023.9,371757.9
64.7684,233166.2,377521.6
64.8079,233308.5,377521.6
64.8474,233450.7,383285.3
64.8869,233593.0,383285.3
64.9265,233735.2,389049.0
64.9660,233877.5,391930.8
65.0055,234019.8,394812.7
65.0450,234162.0,397694.5
65.0845,234304.3,403458.2
65.1240,234446.5,406340.1
65.1636,234588.8,414985.6
65.2031,234731.1,423631.1
65.2426,234873.3,429394.8
65.2821,235015.6,440922.2
65.3216,235157.8,446685.9
65.3611,235300.1,452449.6
65.4007,235442.4,458213.3
65.4402,235584.6,469740.6
65.4797,235726.9,475504.3
65.5192,235869.2,481268.0
65.5587,236011.4,492795.4
65.5982,236153.7,498559.1
65.6378,236295.9,504322.8
65.6773,236438.2,512968.3
65.7168,236580.5,521613.8
65.7563,236722.7,527377.5
65.7958,236865.0,533141.2
65.8353,237007.2,541786.7
65.8749,237149.5,550432.3
65.9144,237291.8,556196.0
65.9539,237434.0,561959.7
65.9934,237576.3,570605.2
66.0329,237718.6,576368.9
66.0724,237860.8,579250.7
66.1120,238003.1,585014.4
66.1515,238145.3,585014.4
66.1910,238287.6,590778.1
66.2305,238429.9,590778.1
66.2700,238572.1,590778.1
66.3095,238714.4,596541.8
66.3491,238856.6,596541.8
66.3886,238998.9,599423.6
66.4281,239141.2,602305.5
66.4676,239283.4,602305.5
66.5071,239425.7,605187.3
66.5467,239567.9,608069.2
66.5862,239710.2,608069.2
66.6257,239852.5,613832.9
66.6652,239994.7,613832.9
66.7047,240137.0,613832.9
66.7442,240279.3,619596.5
66.7838,240421.5,619596.5
66.8233,240563.8,619596.5
66.8628,240706.0,625360.2
66.9023,240848.3,625360.2
66.9418,240990.6,625360.2
66.9813,241132.8,631123.9
67.0209,241275.1,631123.9
67.0604,241417.3,631123.9
67.0999,241559.6,636887.6
67.1394,241701.9,636887.6
67.1789,241844.1,636887.6
67.2184,241986.4,642651.3
67.2580,242128.6,642651.3
67.2975,242270.9,642651.3
67.3370,242413.2,648415.0
67.3765,242555.4,648415.0
67.4160,242697.7,651296.8
67.4555,242840.0,654178.7
67.4951,242982.2,654178.7
67.5346,243124.5,654178.7
67.5741,243266.7,659942.4
67.6136,243409.0,659942.4
67.6531,243551.3,659942.4
67.6926,243693.5,665706.1
67.7322,243835.8,665706.1
67.7717,243978.0,665706.1
67.8112,244120.3,668587.9
67.8507,244262.6,671469.7
67.8902,244404.8,671469.7
67.9297,244547.1,677233.4
67.9693,244689.4,682997.1
68.0088,244831.6,685879.0
68.0483,244973.9,691642.7
68.0878,245116.1,700288.2
68.1273,245258.4,706051.9
68.1668,245400.7,714697.4
68.2064,245542.9,720461.1
68.2459,245685.2,726224.8
68.2854,245827.4,731988.5
68.3249,245969.7,737752.2
68.3644,246112.0,743515.9
68.4040,246254.2,749279.5
68.4435,246396.5,755043.2
68.4830,246538.7,760806.9
68.5225,246681.0,769452.4
68.5620,246823.3,778098.0
68.6015,246965.5,783861.7
68.6411,247107.8,789625.4
68.6806,247250.1,795389.0
68.7201,247392.3,801152.7
68.7596,247534.6,806916.4
68.7991,247676.8,812680.1
68.8386,247819.1,818443.8
68.8782,247961.4,824207.5
68.9177,248103.6,829971.2
68.9572,248245.9,835734.9
68.9967,248388.1,841498.6
69.0362,248530.4,844380.4
69.0757,248672.7,844380.4
69.1153,248814.9,847262.2
69.1548,248957.2,847262.2
69.1943,249099.5,847262.2
69.2338,249241.7,850144.1
69.2733,249384.0,850144.1
69.3128,249526.2,850144.1
69.3524,249668.5,850144.1
69.3919,249810.8,853025.9
69.4314,249953.0,853025.9
69.4709,250095.3,853025.9
69.5104,250237.5,850144.1
69.5499,250379.8,847262.2
69.5895,250522.1,844380.4
69.6290,250664.3,838616.7
69.6685,250806.6,835734.9
69.7080,250948.8,832853.0
69.7475,251091.1,827089.3
69.7870,251233.4,824207.5
69.8266,251375.6,821325.6
69.8661,251517.9,815562.0
69.9056,251660.2,815562.0
69.9451,251802.4,809798.3
69.9846,251944.7,806916.4
70.0241,252086.9,804034.6
70.0637,252229.2,798270.9
70.1032,252371.5,795389.0
70.1427,252513.7,792507.2
70.1822,252656.0,786743.5
70.2217,252798.2,786743.5
70.2613,252940.5,780979.8
70.3008,253082.8,775216.1
70.3403,253225.0,775216.1
70.3798,253367.3,769452.4
70.4193,253509.5,769452.4
70.4588,253651.8,769452.4
70.4984,253794.1,772334.3
70.5379,253936.3,772334.3
70.5774,254078.6,775216.1
70.6169,254220.9,775216.1
70.6564,254363.1,775216.1
70.6959,254505.4,778098.0
70.7355,254647.6,778098.0
70.7750,254789.9,780979.8
70.8145,254932.2,780979.8
70.8540,255074.4,780979.8
70.8935,255216.7,783861.7
70.9330,255358.9,786743.5
70.9726,255501.2,786743.5
71.0121,255643.5,786743.5
71.0516,255785.7,786743.5
71.0911,255928.0,789625.4
71.1306,256070.3,792507.2
71.1701,256212.5,792507.2
71.2097,256354.8,792507.2
71.2492,256497.0,795389.0
71.2887,256639.3,795389.0
71.3282,256781.6,798270.9
71.3677,256923.8,798270.9
71.4072,257066.1,798270.9
71.4468,257208.3,801152.7
71.4863,257350.6,804034.6
71.5258,257492.9,804034.6
71.5653,257635.1,804034.6
71.6048,257777.4,804034.6
71.6443,257919.6,798270.9
71.6839,258061.9,798270.9
71.7234,258204.2,792507.2
71.7629,258346.4,786743.5
71.8024,258488.7,786743.5
71.8419,258631.0,780979.8
71.8814,258773.2,778098.0
71.9210,258915.5,775216.1
71.9605,259057.7,769452.4
