# Fig. 2A - total phosphorylation (Eq. 2) vs log10([E]/[F]), N = 1..20 sites
# reaction-limited regime, without enzyme refractory state
# Dushek O, van der Merwe PA, Shahrezaei V (2011) Biophysical Journal 100:1189-1197. doi:10.1016/j.bpj.2011.01.060
# Digitized by digitize_dushek2011.py from the vector paths of page 4.
# Series identity is drawing order, cross-checked against the MATLAB colour cycle and against curve nesting; the axes calibration is validated on the exact 0.5 crossing at log10([E]/[F]) = 0.
n_sites,log10_E_over_F,total_phosphorylation
1,-2,0.471482
1,-1.93397,0.47541
1,-1.79851,0.481969
1,-1.73076,0.484599
1,-1.52755,0.4905
1,-1.39209,0.493122
1,-1.32434,0.493779
1,-1.2566,0.495086
1,-0.98564,0.497707
1,-0.919662,0.497707
1,-0.851917,0.498365
1,-0.784171,0.498365
1,-0.716451,0.499023
1,-0.580961,0.499023
1,-0.513216,0.49968
1,-0.24226,0.49968
1,-0.17454,0.500338
1,0.162419,0.500338
1,0.230164,0.500986
1,0.501095,0.500986
1,0.56884,0.501644
1,0.70433,0.501644
1,0.772075,0.502302
1,0.83982,0.502302
1,0.907541,0.50295
1,0.975286,0.50295
1,1.1785,0.504923
1,1.24447,0.505581
1,1.31222,0.506887
1,1.37994,0.507545
1,1.51541,0.510176
1,1.71862,0.516067
1,1.78636,0.518698
1,1.92183,0.525257
1,1.98957,0.529184
2,-2,0.2518
2,-1.93397,0.253773
2,-1.86625,0.255737
2,-1.79851,0.257052
2,-1.73076,0.259025
2,-1.66302,0.261637
2,-1.5953,0.26361
2,-1.39209,0.271475
2,-1.32434,0.275412
2,-1.2566,0.278691
2,-1.12113,0.287871
2,-0.98564,0.299673
2,-0.919662,0.306889
2,-0.851917,0.314754
2,-0.784171,0.323934
2,-0.716451,0.333772
2,-0.648706,0.344925
2,-0.580961,0.357384
2,-0.513216,0.370501
2,-0.445495,0.384925
2,-0.37775,0.400663
2,-0.310005,0.41705
2,-0.24226,0.434762
2,-0.17454,0.453122
2,-0.106795,0.471483
2,-0.0390744,0.4905
2,0.0286711,0.510176
2,0.0964158,0.529185
2,0.162419,0.547545
2,0.230164,0.565905
2,0.297909,0.583608
2,0.36563,0.600004
2,0.433374,0.615742
2,0.501095,0.630166
2,0.56884,0.643283
2,0.636585,0.655742
2,0.70433,0.666895
2,0.772075,0.676724
2,0.83982,0.685904
2,0.907541,0.693769
2,0.975286,0.700994
2,1.11078,0.712796
2,1.1785,0.717381
2,1.24447,0.721967
2,1.31222,0.725246
2,1.37994,0.729183
2,1.58315,0.737047
2,1.6509,0.739021
2,1.71862,0.741642
2,1.78636,0.743606
2,1.85411,0.744921
2,1.98957,0.748858
3,-2,0.175746
3,-1.93397,0.177052
3,-1.86625,0.179016
3,-1.79851,0.180332
3,-1.73076,0.182296
3,-1.52755,0.19017
3,-1.45981,0.193449
3,-1.32434,0.201323
3,-1.2566,0.206557
3,-1.18888,0.211809
3,-1.12113,0.218358
3,-1.05339,0.225574
3,-0.98564,0.234097
3,-0.919662,0.243277
3,-0.851917,0.253772
3,-0.784171,0.265574
3,-0.716451,0.278691
3,-0.648706,0.293772
3,-0.580961,0.30952
3,-0.513216,0.327222
3,-0.445495,0.346889
3,-0.37775,0.367222
3,-0.310005,0.38951
3,-0.24226,0.413123
3,-0.17454,0.437384
3,-0.0390744,0.487221
3,0.0286711,0.513446
3,0.0964158,0.538365
3,0.162419,0.563283
3,0.230164,0.587544
3,0.297909,0.611148
3,0.36563,0.633445
3,0.433374,0.653778
3,0.501095,0.673444
3,0.56884,0.691156
3,0.636585,0.706886
3,0.70433,0.721966
3,0.772075,0.735083
3,0.83982,0.746885
3,0.907541,0.757381
3,0.975286,0.766561
3,1.04303,0.775083
3,1.11078,0.78229
3,1.1785,0.788858
3,1.24447,0.794101
3,1.31222,0.799344
3,1.44769,0.807218
3,1.51541,0.810497
3,1.71862,0.818362
3,1.78636,0.820326
3,1.85411,0.821641
3,1.92183,0.823605
3,1.98957,0.824921
4,-2,0.137053
4,-1.93397,0.138368
4,-1.86625,0.139674
4,-1.73076,0.143611
4,-1.5953,0.148854
4,-1.45981,0.155404
4,-1.39209,0.160008
4,-1.32434,0.164593
4,-1.2566,0.169845
4,-1.12113,0.182953
4,-1.05339,0.191485
4,-0.98564,0.200656
4,-0.919662,0.211151
4,-0.851917,0.222953
4,-0.784171,0.23607
4,-0.716451,0.251151
4,-0.648706,0.267538
4,-0.580961,0.285907
4,-0.513216,0.305583
4,-0.445495,0.327871
4,-0.37775,0.350826
4,-0.310005,0.375744
4,-0.24226,0.401979
4,-0.17454,0.428852
4,-0.106795,0.457059
4,0.0964158,0.543608
4,0.162419,0.571806
4,0.230164,0.598697
4,0.297909,0.624922
4,0.36563,0.649841
4,0.433374,0.672787
4,0.501095,0.695084
4,0.56884,0.714759
4,0.636585,0.73312
4,0.70433,0.749507
4,0.772075,0.764588
4,0.83982,0.777705
4,0.907541,0.789516
4,0.975286,0.800002
4,1.04303,0.809182
4,1.11078,0.817704
4,1.1785,0.824263
4,1.24447,0.830821
4,1.31222,0.836074
4,1.44769,0.845245
4,1.58315,0.851803
4,1.71862,0.857046
4,1.85411,0.860983
4,1.98957,0.863605
5,-2,0.113449
5,-1.93397,0.114755
5,-1.86625,0.116728
5,-1.79851,0.118035
5,-1.73076,0.120665
5,-1.5953,0.125899
5,-1.52755,0.129178
5,-1.39209,0.137052
5,-1.32434,0.142296
5,-1.2566,0.148206
5,-1.18888,0.154755
5,-1.12113,0.161971
5,-1.05339,0.171151
5,-0.98564,0.18098
5,-0.919662,0.192133
5,-0.851917,0.204592
5,-0.784171,0.218358
5,-0.716451,0.234754
5,-0.648706,0.252466
5,-0.580961,0.271475
5,-0.513216,0.293114
5,-0.445495,0.316069
5,-0.37775,0.340988
5,-0.310005,0.367222
5,-0.24226,0.39541
5,-0.17454,0.424266
5,-0.106795,0.454437
5,-0.0390744,0.485248
5,0.0286711,0.515419
5,0.0964158,0.546229
5,0.162419,0.5764
5,0.230164,0.605246
5,0.297909,0.633444
5,0.36563,0.659679
5,0.433374,0.684597
5,0.501095,0.707543
5,0.56884,0.729182
5,0.636585,0.7482
5,0.70433,0.765903
5,0.772075,0.78229
5,0.83982,0.796065
5,0.907541,0.808524
5,0.975286,0.819677
5,1.04303,0.829515
5,1.11078,0.838695
5,1.1785,0.845902
5,1.24447,0.85246
5,1.31222,0.858361
5,1.37994,0.863604
5,1.51541,0.871478
5,1.58315,0.874758
5,1.78636,0.882622
5,1.85411,0.883938
5,1.92183,0.885902
5,1.98957,0.887217
6,-2,0.0977017
6,-1.93397,0.0990264
6,-1.73076,0.104927
6,-1.5953,0.110161
6,-1.52755,0.114098
6,-1.45981,0.117387
6,-1.39209,0.121972
6,-1.32434,0.127215
6,-1.2566,0.133116
6,-1.18888,0.140332
6,-1.12113,0.148206
6,-1.05339,0.157377
6,-0.98564,0.167215
6,-0.919662,0.179016
6,-0.851917,0.192133
6,-0.784171,0.207214
6,-0.716451,0.223611
6,-0.648706,0.241971
6,-0.580961,0.262304
6,-0.513216,0.283934
6,-0.445495,0.308205
6,-0.37775,0.334429
6,-0.310005,0.36197
6,-0.24226,0.390826
6,-0.17454,0.420987
6,-0.106795,0.452465
6,-0.0390744,0.484599
6,0.0286711,0.516067
6,0.0964158,0.548202
6,0.162419,0.57968
6,0.230164,0.609841
6,0.297909,0.638697
6,0.36563,0.666228
6,0.433374,0.692462
6,0.501095,0.716723
6,0.56884,0.738363
6,0.636585,0.758687
6,0.70433,0.777056
6,0.772075,0.793453
6,0.83982,0.808524
6,0.907541,0.821641
6,0.975286,0.833443
6,1.04303,0.843281
6,1.11078,0.852461
6,1.1785,0.860335
6,1.24447,0.867542
6,1.31222,0.873443
6,1.37994,0.878686
6,1.44769,0.88328
6,1.51541,0.88656
6,1.58315,0.890497
6,1.71862,0.89574
6,1.92183,0.901641
6,1.98957,0.902956
7,-2,0.0865577
7,-1.93397,0.0878731
7,-1.86625,0.089837
7,-1.79851,0.0911524
7,-1.5953,0.0990263
7,-1.45981,0.106891
7,-1.39209,0.111476
7,-1.32434,0.116729
7,-1.2566,0.12263
7,-1.18888,0.129837
7,-1.12113,0.138368
7,-1.05339,0.147539
7,-0.98564,0.158035
7,-0.919662,0.169846
7,-0.851917,0.183611
7,-0.784171,0.198692
7,-0.716451,0.215737
7,-0.648706,0.234097
7,-0.580961,0.255088
7,-0.513216,0.278034
7,-0.445495,0.302952
7,-0.37775,0.329186
7,-0.310005,0.358033
7,-0.24226,0.387546
7,-0.17454,0.419014
7,-0.106795,0.451158
7,0.0964158,0.549518
7,0.162419,0.581644
7,0.230164,0.613121
7,0.297909,0.642625
7,0.36563,0.671481
7,0.433374,0.697705
7,0.501095,0.722633
7,0.56884,0.745579
7,0.636585,0.766561
7,0.70433,0.784921
7,0.772075,0.801966
7,0.83982,0.817056
7,0.907541,0.830821
7,0.975286,0.842623
7,1.04303,0.853109
7,1.11078,0.862299
7,1.1785,0.870821
7,1.24447,0.878028
7,1.31222,0.883938
7,1.37994,0.889181
7,1.44769,0.893767
7,1.58315,0.901641
7,1.78636,0.909505
7,1.85411,0.910821
7,1.92183,0.912785
7,1.98957,0.9141
8,-2,0.078035
8,-1.93397,0.0793503
8,-1.73076,0.0852513
8,-1.66302,0.0878727
8,-1.52755,0.094422
8,-1.45981,0.098359
8,-1.32434,0.108864
8,-1.2566,0.114755
8,-1.18888,0.121972
8,-1.12113,0.130503
8,-1.05339,0.139674
8,-0.98564,0.150818
8,-0.919662,0.162629
8,-0.851917,0.176394
8,-0.784171,0.192133
8,-0.716451,0.209187
8,-0.648706,0.228853
8,-0.580961,0.249835
8,-0.513216,0.273438
8,-0.445495,0.298357
8,-0.37775,0.325907
8,-0.310005,0.354753
8,-0.24226,0.385582
8,-0.17454,0.41705
8,-0.106795,0.449843
8,-0.0390744,0.483284
8,0.0286711,0.517383
8,0.0964158,0.550824
8,0.162419,0.583607
8,0.230164,0.615084
8,0.297909,0.645904
8,0.36563,0.674759
8,0.433374,0.7023
8,0.501095,0.727218
8,0.56884,0.750822
8,0.636585,0.771803
8,0.70433,0.791479
8,0.772075,0.808524
8,0.83982,0.824262
8,0.907541,0.838028
8,0.975286,0.849839
8,1.04303,0.860983
8,1.11078,0.870163
8,1.1785,0.878685
8,1.24447,0.885902
8,1.31222,0.891802
8,1.44769,0.902289
8,1.51541,0.906226
8,1.6509,0.912784
8,1.71862,0.915415
8,1.92183,0.921316
8,1.98957,0.922622
9,-2,0.0714769
9,-1.93397,0.0727923
9,-1.73076,0.0786932
9,-1.66302,0.0813147
9,-1.5953,0.0845847
9,-1.52755,0.0878733
9,-1.39209,0.0970533
9,-1.32434,0.102296
9,-1.2566,0.108864
9,-1.18888,0.116062
9,-1.12113,0.124594
9,-1.05339,0.134431
9,-0.98564,0.144918
9,-0.919662,0.157377
9,-0.851917,0.171152
9,-0.784171,0.186881
9,-0.716451,0.204593
9,-0.648706,0.224269
9,-0.580961,0.245908
9,-0.513216,0.269511
9,-0.445495,0.295078
9,-0.37775,0.322628
9,-0.310005,0.352132
9,-0.24226,0.383609
9,-0.17454,0.415744
9,-0.106795,0.449185
9,0.0964158,0.551482
9,0.162419,0.584923
9,0.230164,0.617049
9,0.297909,0.648526
9,0.36563,0.678039
9,0.433374,0.70558
9,0.501095,0.731147
9,0.56884,0.754759
9,0.636585,0.776399
9,0.70433,0.796065
9,0.772075,0.813767
9,0.83982,0.829515
9,0.907541,0.843281
9,0.975286,0.85574
9,1.04303,0.866226
9,1.11078,0.876074
9,1.1785,0.884587
9,1.24447,0.891803
9,1.31222,0.898361
9,1.37994,0.903614
9,1.51541,0.912785
9,1.6509,0.919343
9,1.71862,0.921974
9,1.92183,0.927866
9,1.98957,0.929181
10,-2,0.0662334
10,-1.93397,0.0675488
10,-1.73076,0.0734497
10,-1.66302,0.0760712
10,-1.5953,0.0793505
10,-1.45981,0.0872152
10,-1.39209,0.0918099
10,-1.32434,0.0977014
10,-1.2566,0.104269
10,-1.18888,0.111476
10,-1.12113,0.119999
10,-1.05339,0.129836
10,-0.98564,0.140332
10,-0.919662,0.152791
10,-0.851917,0.167214
10,-0.784171,0.182953
10,-0.716451,0.201323
10,-0.648706,0.220989
10,-0.580961,0.242628
10,-0.513216,0.266889
10,-0.445495,0.292457
10,-0.37775,0.320654
10,-0.310005,0.350159
10,-0.24226,0.381645
10,-0.17454,0.414428
10,-0.106795,0.448527
10,-0.0390744,0.483284
10,0.0286711,0.517383
10,0.0964158,0.55213
10,0.162419,0.586238
10,0.230164,0.619021
10,0.297909,0.650489
10,0.36563,0.680003
10,0.433374,0.708201
10,0.501095,0.733777
10,0.56884,0.758038
10,0.636585,0.779678
10,0.70433,0.799344
10,0.772075,0.817704
10,0.83982,0.833443
10,0.907541,0.847866
10,0.975286,0.860335
10,1.04303,0.870821
10,1.11078,0.880659
10,1.1785,0.889181
10,1.24447,0.896397
10,1.31222,0.902956
10,1.37994,0.908847
10,1.44769,0.913442
10,1.58315,0.921316
10,1.6509,0.924595
10,1.71862,0.927217
10,1.92183,0.933118
10,1.98957,0.934424
11,-2,0.0616481
11,-1.93397,0.0629543
11,-1.79851,0.0668819
11,-1.66302,0.0721343
11,-1.52755,0.0786928
11,-1.39209,0.0878729
11,-1.2566,0.0996745
11,-1.18888,0.107549
11,-1.12113,0.116062
11,-1.05339,0.125899
11,-0.98564,0.137053
11,-0.919662,0.149512
11,-0.851917,0.163935
11,-0.784171,0.179683
11,-0.716451,0.198034
11,-0.648706,0.21771
11,-0.580961,0.239998
11,-0.513216,0.264268
11,-0.445495,0.290493
11,-0.37775,0.318691
11,-0.310005,0.348862
11,-0.24226,0.380987
11,-0.17454,0.41378
11,-0.106795,0.447879
11,-0.0390744,0.482626
11,0.0286711,0.51804
11,0.0964158,0.552788
11,0.162419,0.586886
11,0.230164,0.619679
11,0.297909,0.651814
11,0.36563,0.681967
11,0.433374,0.710165
11,0.501095,0.736399
11,0.56884,0.76065
11,0.636585,0.782957
11,0.70433,0.802623
11,0.772075,0.820983
11,0.83982,0.836722
11,0.907541,0.851145
11,0.975286,0.863605
11,1.04303,0.874758
11,1.11078,0.884586
11,1.1785,0.893118
11,1.24447,0.900983
11,1.37994,0.912784
11,1.51541,0.921964
11,1.6509,0.928532
11,1.78636,0.933766
11,1.92183,0.937703
11,1.98957,0.939018
12,-2,0.0577112
12,-1.93397,0.0596843
12,-1.86625,0.0609812
12,-1.79851,0.063612
12,-1.73076,0.0655759
12,-1.66302,0.0681975
12,-1.5953,0.0714766
12,-1.45981,0.0793506
12,-1.39209,0.0845845
12,-1.32434,0.0898369
12,-1.2566,0.0963954
12,-1.18888,0.104269
12,-1.12113,0.112792
12,-1.05339,0.12263
12,-0.98564,0.133773
12,-0.919662,0.146891
12,-0.851917,0.161314
12,-0.784171,0.177052
12,-0.716451,0.195413
12,-0.648706,0.215737
12,-0.580961,0.238034
12,-0.513216,0.262304
12,-0.445495,0.28852
12,-0.37775,0.317385
12,-0.310005,0.347546
12,-0.24226,0.379672
12,-0.17454,0.413123
12,-0.0390744,0.482626
12,0.0286711,0.51804
12,0.0964158,0.552788
12,0.162419,0.587544
12,0.230164,0.620985
12,0.297909,0.65312
12,0.36563,0.683282
12,0.433374,0.712138
12,0.501095,0.738363
12,0.56884,0.762624
12,0.636585,0.784921
12,0.70433,0.805245
12,0.772075,0.823605
12,0.83982,0.839344
12,0.907541,0.853776
12,0.975286,0.866884
12,1.04303,0.878037
12,1.11078,0.887875
12,1.1785,0.896397
12,1.24447,0.904262
12,1.31222,0.910821
12,1.44769,0.921316
12,1.58315,0.929181
12,1.6509,0.93246
12,1.71862,0.935091
12,1.78636,0.937055
12,1.85411,0.939676
12,1.92183,0.940982
12,1.98957,0.942956
13,-2,0.0550804
13,-1.93397,0.0563958
13,-1.73076,0.0622967
13,-1.52755,0.0721345
13,-1.39209,0.0813145
13,-1.32434,0.0872153
13,-1.2566,0.0937739
13,-1.18888,0.10099
13,-1.12113,0.110161
13,-1.05339,0.119999
13,-0.98564,0.131152
13,-0.919662,0.144269
13,-0.851917,0.158692
13,-0.784171,0.175089
13,-0.716451,0.193449
13,-0.648706,0.213773
13,-0.580961,0.23607
13,-0.513216,0.260331
13,-0.445495,0.287214
13,-0.37775,0.316069
13,-0.310005,0.346222
13,-0.24226,0.379024
13,-0.17454,0.412465
13,-0.106795,0.447221
13,-0.0390744,0.482626
13,0.0964158,0.553445
13,0.162419,0.588202
13,0.230164,0.621643
13,0.297909,0.654426
13,0.36563,0.684598
13,0.433374,0.713444
13,0.501095,0.740336
13,0.56884,0.764588
13,0.636585,0.786894
13,0.70433,0.807218
13,0.772075,0.825578
13,0.83982,0.841965
13,0.907541,0.856398
13,0.975286,0.869506
13,1.04303,0.880659
13,1.11078,0.890497
13,1.1785,0.899677
13,1.24447,0.906884
13,1.31222,0.913442
13,1.37994,0.919343
13,1.51541,0.928523
13,1.71862,0.938361
13,1.92183,0.944262
13,1.98957,0.945577
14,-2,0.0524587
14,-1.93397,0.0537741
14,-1.79851,0.0577111
14,-1.66302,0.0629541
14,-1.52755,0.0695127
14,-1.39209,0.0786928
14,-1.32434,0.0845844
14,-1.2566,0.0911522
14,-1.18888,0.099026
14,-1.12113,0.107549
14,-1.05339,0.117386
14,-0.98564,0.129179
14,-0.919662,0.141638
14,-0.851917,0.156728
14,-0.784171,0.173115
14,-0.716451,0.191485
14,-0.648706,0.211809
14,-0.580961,0.234097
14,-0.513216,0.259025
14,-0.445495,0.285907
14,-0.37775,0.314754
14,-0.310005,0.345573
14,-0.24226,0.377708
14,-0.17454,0.411816
14,-0.106795,0.446554
14,-0.0390744,0.482626
14,0.0286711,0.51804
14,0.0964158,0.554103
14,0.162419,0.588859
14,0.230164,0.622949
14,0.297909,0.655084
14,0.36563,0.685903
14,0.433374,0.714759
14,0.501095,0.741642
14,0.56884,0.76656
14,0.636585,0.788858
14,0.70433,0.809182
14,0.772075,0.827542
14,0.83982,0.843938
14,0.907541,0.859019
14,0.975286,0.871478
14,1.04303,0.88328
14,1.11078,0.893118
14,1.1785,0.90164
14,1.24447,0.909514
14,1.31222,0.916064
14,1.37994,0.921974
14,1.51541,0.931154
14,1.6509,0.937703
14,1.78636,0.942955
14,1.92183,0.946883
14,1.98957,0.948198
15,-2,0.0498465
15,-1.93397,0.0518104
15,-1.86625,0.0531165
15,-1.79851,0.0550804
15,-1.66302,0.0603328
15,-1.5953,0.063612
15,-1.45981,0.0714768
15,-1.39209,0.0767198
15,-1.32434,0.0826299
15,-1.2566,0.0891884
15,-1.18888,0.0970531
15,-1.12113,0.105576
15,-1.05339,0.115413
15,-0.98564,0.127215
15,-0.919662,0.139674
15,-0.851917,0.154755
15,-0.784171,0.171152
15,-0.716451,0.189512
15,-0.648706,0.209836
15,-0.580961,0.232791
15,-0.513216,0.2577
15,-0.445495,0.284592
15,-0.37775,0.313448
15,-0.310005,0.344925
15,-0.24226,0.37706
15,-0.17454,0.411149
15,-0.106795,0.446554
15,-0.0390744,0.482626
15,0.0286711,0.51804
15,0.0964158,0.554103
15,0.162419,0.589517
15,0.230164,0.623607
15,0.297909,0.655742
15,0.36563,0.687219
15,0.433374,0.716066
15,0.501095,0.742948
15,0.56884,0.767876
15,0.636585,0.790822
15,0.70433,0.811155
15,0.772075,0.829515
15,0.83982,0.845902
15,0.907541,0.860983
15,0.975286,0.873442
15,1.04303,0.885244
15,1.11078,0.895082
15,1.1785,0.903604
15,1.24447,0.911478
15,1.31222,0.918037
15,1.37994,0.923938
15,1.44769,0.929181
15,1.58315,0.937055
15,1.6509,0.940325
15,1.78636,0.945577
15,1.85411,0.947541
15,1.92183,0.948856
15,1.98957,0.95082
16,-2,0.0478733
16,-1.93397,0.0498464
16,-1.86625,0.0511526
16,-1.79851,0.0531164
16,-1.73076,0.0557473
16,-1.66302,0.0583596
16,-1.5953,0.0616481
16,-1.45981,0.0695127
16,-1.39209,0.0747558
16,-1.32434,0.0806567
16,-1.2566,0.0872152
16,-1.18888,0.0950892
16,-1.12113,0.103612
16,-1.05339,0.114098
16,-0.98564,0.125251
16,-0.919662,0.138368
16,-0.851917,0.152791
16,-0.784171,0.169845
16,-0.716451,0.188206
16,-0.648706,0.20852
16,-0.580961,0.231475
16,-0.513216,0.256394
16,-0.445495,0.283276
16,-0.37775,0.31279
16,-0.310005,0.343609
16,-0.24226,0.37706
16,-0.17454,0.411149
16,-0.106795,0.446554
16,-0.0390744,0.481968
16,0.0286711,0.518698
16,0.0964158,0.554103
16,0.162419,0.589517
16,0.230164,0.623607
16,0.297909,0.657048
16,0.36563,0.687867
16,0.433374,0.717381
16,0.501095,0.744273
16,0.56884,0.769182
16,0.636585,0.792128
16,0.70433,0.812461
16,0.772075,0.830821
16,0.83982,0.847866
16,0.907541,0.862298
16,0.975286,0.875415
16,1.04303,0.886559
16,1.11078,0.897046
16,1.1785,0.905577
16,1.24447,0.913442
16,1.31222,0.920001
16,1.37994,0.925901
16,1.44769,0.931154
16,1.58315,0.939018
16,1.6509,0.942298
16,1.78636,0.947541
16,1.85411,0.949505
16,1.92183,0.95082
16,1.98957,0.952793
17,-2,0.0459097
17,-1.93397,0.0478736
17,-1.73076,0.0537743
17,-1.52755,0.0636121
17,-1.45981,0.0681976
17,-1.32434,0.0786931
17,-1.18888,0.0931162
17,-1.12113,0.102296
17,-1.05339,0.112134
17,-0.98564,0.123936
17,-0.919662,0.137053
17,-0.851917,0.151476
17,-0.784171,0.16853
17,-0.716451,0.186881
17,-0.648706,0.207872
17,-0.580961,0.23016
17,-0.513216,0.255736
17,-0.445495,0.282628
17,-0.37775,0.312132
17,-0.310005,0.342961
17,-0.24226,0.376402
17,-0.17454,0.410492
17,-0.106795,0.445906
17,-0.0390744,0.481969
17,0.0286711,0.518698
17,0.0964158,0.554761
17,0.162419,0.590166
17,0.230164,0.624265
17,0.297909,0.657706
17,0.36563,0.688525
17,0.433374,0.718029
17,0.501095,0.744921
17,0.56884,0.770489
17,0.636585,0.792786
17,0.70433,0.813767
17,0.772075,0.832137
17,0.83982,0.849182
17,0.907541,0.863605
17,0.975286,0.876722
17,1.04303,0.888524
17,1.11078,0.898361
17,1.1785,0.907541
17,1.24447,0.914758
17,1.31222,0.921965
17,1.44769,0.93246
17,1.51541,0.937055
17,1.71862,0.946883
17,1.98957,0.954757
18,-2,0.044594
18,-1.93397,0.0459094
18,-1.79851,0.0498464
18,-1.66302,0.0550803
18,-1.5953,0.0583594
18,-1.52755,0.0622964
18,-1.39209,0.0714765
18,-1.32434,0.0773866
18,-1.2566,0.0839359
18,-1.18888,0.0918099
18,-1.12113,0.10099
18,-1.05339,0.110828
18,-0.98564,0.122629
18,-0.919662,0.135737
18,-0.851917,0.15017
18,-0.784171,0.167214
18,-0.716451,0.185575
18,-0.648706,0.206556
18,-0.580961,0.229511
18,-0.513216,0.25443
18,-0.445495,0.28197
18,-0.37775,0.311474
18,-0.310005,0.342961
18,-0.24226,0.375735
18,-0.17454,0.410491
18,-0.106795,0.445906
18,-0.0390744,0.481968
18,0.0286711,0.518698
18,0.0964158,0.554761
18,0.162419,0.590166
18,0.230164,0.624922
18,0.297909,0.657706
18,0.36563,0.689183
18,0.433374,0.718696
18,0.501095,0.746236
18,0.56884,0.771146
18,0.636585,0.794101
18,0.70433,0.815083
18,0.772075,0.833443
18,0.83982,0.850497
18,0.907541,0.86492
18,0.975286,0.878037
18,1.04303,0.889839
18,1.11078,0.899676
18,1.1785,0.908847
18,1.24447,0.916721
18,1.31222,0.92328
18,1.37994,0.929181
18,1.51541,0.938361
18,1.58315,0.942298
18,1.6509,0.945577
18,1.78636,0.95082
18,1.92183,0.954757
18,1.98957,0.956063
19,-2,0.0432789
19,-1.93397,0.0445943
19,-1.79851,0.0485313
19,-1.66302,0.0537743
19,-1.5953,0.0570536
19,-1.45981,0.0649183
19,-1.39209,0.0701707
19,-1.32434,0.0760715
19,-1.2566,0.0826301
19,-1.18888,0.0904947
19,-1.12113,0.0996748
19,-1.05339,0.109513
19,-0.98564,0.121314
19,-0.919662,0.134431
19,-0.851917,0.148855
19,-0.784171,0.165909
19,-0.716451,0.184917
19,-0.648706,0.205251
19,-0.580961,0.228196
19,-0.513216,0.253772
19,-0.445495,0.281313
19,-0.37775,0.310817
19,-0.310005,0.342294
19,-0.24226,0.375087
19,-0.17454,0.409843
19,-0.0390744,0.481969
19,0.0286711,0.518698
19,0.0964158,0.554761
19,0.162419,0.590824
19,0.230164,0.62558
19,0.297909,0.658364
19,0.36563,0.689841
19,0.433374,0.719345
19,0.501095,0.746885
19,0.56884,0.772462
19,0.636585,0.795416
19,0.70433,0.815741
19,0.772075,0.834758
19,0.83982,0.851803
19,0.907541,0.866236
19,0.975286,0.879343
19,1.04303,0.891145
19,1.11078,0.900983
19,1.1785,0.910163
19,1.24447,0.918037
19,1.31222,0.924595
19,1.37994,0.930496
19,1.44769,0.935739
19,1.58315,0.943604
19,1.6509,0.946883
19,1.78636,0.952136
19,1.92183,0.956064
19,1.98957,0.957379
20,-2,0.0419728
20,-1.93397,0.043279
20,-1.79851,0.0472159
20,-1.73076,0.0498468
20,-1.66302,0.0524591
20,-1.5953,0.0557476
20,-1.52755,0.0596846
20,-1.39209,0.0688553
20,-1.32434,0.0747562
20,-1.2566,0.0813147
20,-1.18888,0.0891887
20,-1.12113,0.0983596
20,-1.05339,0.108197
20,-0.98564,0.119999
20,-0.919662,0.133116
20,-0.851917,0.148206
20,-0.784171,0.164593
20,-0.716451,0.183611
20,-0.648706,0.204593
20,-0.580961,0.227548
20,-0.513216,0.253115
20,-0.445495,0.280655
20,-0.37775,0.310169
20,-0.310005,0.341637
20,-0.24226,0.375087
20,-0.17454,0.409844
20,-0.106795,0.445248
20,0.0964158,0.555419
20,0.162419,0.590824
20,0.230164,0.62558
20,0.297909,0.659021
20,0.36563,0.690499
20,0.433374,0.720003
20,0.501095,0.747543
20,0.56884,0.773119
20,0.636585,0.796065
20,0.70433,0.817056
20,0.772075,0.836074
20,0.83982,0.852461
20,0.907541,0.867542
20,0.975286,0.880659
20,1.04303,0.892461
20,1.11078,0.902289
20,1.1785,0.911478
20,1.24447,0.919343
20,1.31222,0.925902
20,1.37994,0.931803
20,1.51541,0.940983
20,1.58315,0.94492
20,1.6509,0.948199
20,1.78636,0.953442
20,1.92183,0.957379
20,1.98957,0.958694
