# Fig. 2C - total phosphorylation (Eq. 2) vs log10([E]/[F]), N = 1..20 sites
# reaction-limited regime, with enzyme refractory state
# Dushek O, van der Merwe PA, Shahrezaei V (2011) Biophysical Journal 100:1189-1197. doi:10.1016/j.bpj.2011.01.060
# Digitized by digitize_dushek2011.py from the vector paths of page 4.
# Series identity is drawing order, cross-checked against the MATLAB colour cycle and against curve nesting; the axes calibration is validated on the exact 0.5 crossing at log10([E]/[F]) = 0.
n_sites,log10_E_over_F,total_phosphorylation
1,-2,0.471473
1,-1.93397,0.47541
1,-1.79851,0.481959
1,-1.73076,0.48459
1,-1.52755,0.490491
1,-1.39209,0.493113
1,-1.32434,0.493761
1,-1.2566,0.495077
1,-0.98564,0.497698
1,-0.919662,0.497698
1,-0.851917,0.498356
1,-0.784171,0.498356
1,-0.716451,0.499013
1,-0.580961,0.499013
1,-0.513216,0.499671
1,-0.24226,0.499671
1,-0.17454,0.500329
1,0.162419,0.500329
1,0.230164,0.500987
1,0.501095,0.500987
1,0.56884,0.501635
1,0.70433,0.501635
1,0.772075,0.502293
1,0.83982,0.502293
1,0.907541,0.502941
1,0.975286,0.502941
1,1.1785,0.504914
1,1.24447,0.505572
1,1.31222,0.506878
1,1.37994,0.507536
1,1.51541,0.510167
1,1.6509,0.514104
1,1.71862,0.516058
1,1.78636,0.518689
1,1.92183,0.525238
1,1.98957,0.529166
2,-2,0.247872
2,-1.93397,0.249836
2,-1.5953,0.259683
2,-1.45981,0.264926
2,-1.32434,0.271475
2,-1.2566,0.275412
2,-1.12113,0.284592
2,-0.98564,0.296403
2,-0.919662,0.303619
2,-0.851917,0.312142
2,-0.784171,0.321322
2,-0.716451,0.331159
2,-0.648706,0.342303
2,-0.580961,0.354763
2,-0.513216,0.368538
2,-0.445495,0.382952
2,-0.37775,0.3987
2,-0.310005,0.415744
2,-0.24226,0.433456
2,-0.17454,0.451807
2,-0.106795,0.471483
2,-0.0390744,0.4905
2,0.0286711,0.510176
2,0.0964158,0.529175
2,0.162419,0.54886
2,0.230164,0.56722
2,0.297909,0.584923
2,0.36563,0.601968
2,0.433374,0.617706
2,0.501095,0.632139
2,0.56884,0.645904
2,0.636585,0.658363
2,0.70433,0.669517
2,0.772075,0.679345
2,0.83982,0.688535
2,0.907541,0.697057
2,0.975286,0.704264
2,1.04303,0.710174
2,1.11078,0.716066
2,1.1785,0.72066
2,1.24447,0.725255
2,1.31222,0.729183
2,1.37994,0.732471
2,1.44769,0.735732
2,1.51541,0.738372
2,1.58315,0.740994
2,1.71862,0.744931
2,1.78636,0.746885
2,1.98957,0.752786
3,-2,0.169836
3,-1.93397,0.1718
3,-1.86625,0.173106
3,-1.73076,0.177044
3,-1.66302,0.179674
3,-1.52755,0.184908
3,-1.45981,0.188197
3,-1.32434,0.196071
3,-1.2566,0.201314
3,-1.12113,0.213125
3,-1.05339,0.22098
3,-0.98564,0.228863
3,-0.919662,0.238701
3,-0.851917,0.249187
3,-0.784171,0.260989
3,-0.716451,0.274764
3,-0.648706,0.289854
3,-0.580961,0.306232
3,-0.513216,0.323943
3,-0.445495,0.34361
3,-0.37775,0.364601
3,-0.310005,0.387537
3,-0.24226,0.41115
3,-0.17454,0.436078
3,-0.106795,0.460987
3,-0.0390744,0.487221
3,0.0964158,0.53968
3,0.162419,0.564599
3,0.230164,0.589508
3,0.297909,0.613121
3,0.36563,0.636076
3,0.433374,0.657048
3,0.501095,0.676724
3,0.56884,0.694426
3,0.636585,0.710832
3,0.70433,0.725904
3,0.772075,0.739669
3,0.83982,0.75148
3,0.907541,0.761976
3,0.975286,0.771813
3,1.11078,0.787543
3,1.1785,0.793453
3,1.24447,0.799354
3,1.31222,0.804597
3,1.44769,0.812462
3,1.51541,0.815741
3,1.71862,0.823615
3,1.85411,0.827542
3,1.92183,0.828858
3,1.98957,0.830831
4,-2,0.130485
4,-1.93397,0.132458
4,-1.86625,0.133764
4,-1.73076,0.137701
4,-1.66302,0.140332
4,-1.5953,0.142944
4,-1.52755,0.146233
4,-1.45981,0.149503
4,-1.39209,0.15344
4,-1.2566,0.163935
4,-1.12113,0.177043
4,-1.05339,0.185575
4,-0.98564,0.194746
4,-0.919662,0.20526
4,-0.851917,0.217701
4,-0.784171,0.230827
4,-0.716451,0.245898
4,-0.648706,0.262953
4,-0.580961,0.281322
4,-0.513216,0.301646
4,-0.445495,0.323285
4,-0.37775,0.347547
4,-0.310005,0.372474
4,-0.24226,0.399348
4,-0.17454,0.427555
4,-0.106795,0.456392
4,-0.0390744,0.485248
4,0.0286711,0.51541
4,0.0964158,0.544265
4,0.162419,0.57313
4,0.230164,0.601319
4,0.297909,0.628202
4,0.36563,0.653111
4,0.433374,0.677391
4,0.501095,0.699021
4,0.56884,0.719354
4,0.636585,0.737705
4,0.70433,0.754759
4,0.772075,0.76984
4,0.83982,0.782957
4,0.907541,0.795416
4,0.975286,0.805912
4,1.04303,0.815092
4,1.11078,0.823615
4,1.1785,0.830173
4,1.24447,0.836731
4,1.31222,0.841965
4,1.37994,0.847218
4,1.44769,0.851145
4,1.51541,0.854434
4,1.58315,0.857704
4,1.71862,0.862956
4,1.85411,0.866893
4,1.92183,0.868199
4,1.98957,0.870173
5,-2,0.106891
5,-1.93397,0.108188
5,-1.73076,0.114098
5,-1.5953,0.119341
5,-1.52755,0.12263
5,-1.39209,0.130485
5,-1.32434,0.135738
5,-1.2566,0.141638
5,-1.18888,0.148206
5,-1.12113,0.155404
5,-1.05339,0.163935
5,-0.98564,0.173764
5,-0.919662,0.185575
5,-0.851917,0.198034
5,-0.784171,0.212458
5,-0.716451,0.228196
5,-0.648706,0.245899
5,-0.580961,0.266241
5,-0.513216,0.287881
5,-0.445495,0.311484
5,-0.37775,0.336393
5,-0.310005,0.363943
5,-0.24226,0.392141
5,-0.17454,0.422294
5,-0.106795,0.453132
5,0.0286711,0.516067
5,0.0964158,0.547554
5,0.162419,0.578364
5,0.230164,0.608536
5,0.297909,0.636724
5,0.36563,0.664274
5,0.433374,0.689192
5,0.501095,0.712796
5,0.56884,0.734435
5,0.636585,0.754759
5,0.70433,0.772462
5,0.772075,0.7882
5,0.83982,0.802624
5,0.907541,0.815092
5,0.975286,0.826894
5,1.04303,0.836732
5,1.11078,0.845254
5,1.1785,0.85247
5,1.24447,0.859019
5,1.31222,0.86493
5,1.37994,0.870173
5,1.51541,0.878047
5,1.58315,0.881307
5,1.71862,0.886569
5,1.78636,0.888524
5,1.92183,0.892461
5,1.98957,0.893776
6,-2,0.0904856
6,-1.93397,0.0924588
6,-1.86625,0.0937742
6,-1.79851,0.0957288
6,-1.73076,0.0977017
6,-1.66302,0.100323
6,-1.52755,0.106891
6,-1.39209,0.114756
6,-1.32434,0.119999
6,-1.2566,0.12589
6,-1.18888,0.133116
6,-1.12113,0.140981
6,-1.05339,0.149503
6,-0.98564,0.159999
6,-0.919662,0.1718
6,-0.851917,0.184908
6,-0.784171,0.200007
6,-0.716451,0.216404
6,-0.648706,0.234764
6,-0.580961,0.255746
6,-0.513216,0.278043
6,-0.445495,0.302962
6,-0.37775,0.329196
6,-0.310005,0.357385
6,-0.24226,0.387537
6,-0.17454,0.418375
6,0.0964158,0.549518
6,0.162419,0.582301
6,0.230164,0.613121
6,0.297909,0.643283
6,0.36563,0.671481
6,0.433374,0.697715
6,0.501095,0.722624
6,0.56884,0.744931
6,0.636585,0.765903
6,0.70433,0.784273
6,0.772075,0.80066
6,0.83982,0.815741
6,0.907541,0.828858
6,0.975286,0.840659
6,1.04303,0.851146
6,1.11078,0.859668
6,1.1785,0.867542
6,1.24447,0.874758
6,1.31222,0.880659
6,1.37994,0.885902
6,1.51541,0.893776
6,1.58315,0.897046
6,1.6509,0.900335
6,1.71862,0.902947
6,1.85411,0.906875
6,1.92183,0.908209
6,1.98957,0.910154
7,-2,0.0793419
7,-1.93397,0.0806573
7,-1.86625,0.0826118
7,-1.73076,0.086549
7,-1.5953,0.0918012
7,-1.52755,0.0950805
7,-1.45981,0.0990174
7,-1.39209,0.103603
7,-1.32434,0.108846
7,-1.18888,0.121972
7,-1.12113,0.130485
7,-1.05339,0.139675
7,-0.98564,0.149503
7,-0.919662,0.161972
7,-0.851917,0.17508
7,-0.784171,0.190818
7,-0.716451,0.207863
7,-0.648706,0.226899
7,-0.580961,0.247872
7,-0.513216,0.270827
7,-0.445495,0.296403
7,-0.37775,0.323944
7,-0.310005,0.35279
7,-0.24226,0.38361
7,-0.17454,0.415745
7,-0.106795,0.449195
7,0.0964158,0.551482
7,0.162419,0.584923
7,0.230164,0.617058
7,0.297909,0.647878
7,0.36563,0.676724
7,0.433374,0.704264
7,0.501095,0.729841
7,0.56884,0.752786
7,0.636585,0.773777
7,0.70433,0.792795
7,0.772075,0.80984
7,0.83982,0.825579
7,0.907541,0.838696
7,0.975286,0.851146
7,1.04303,0.860993
7,1.11078,0.870173
7,1.1785,0.878695
7,1.24447,0.885245
7,1.31222,0.891812
7,1.37994,0.897046
7,1.44769,0.90165
7,1.51541,0.905578
7,1.58315,0.908857
7,1.71862,0.9141
7,1.92183,0.920001
7,1.98957,0.921326
8,-2,0.0708191
8,-1.93397,0.0721345
8,-1.86625,0.0734405
8,-1.79851,0.0754138
8,-1.73076,0.0780262
8,-1.5953,0.0832784
8,-1.52755,0.0865484
8,-1.45981,0.0904853
8,-1.39209,0.09508
8,-1.2566,0.106891
8,-1.18888,0.114098
8,-1.12113,0.121972
8,-1.05339,0.131152
8,-0.98564,0.142296
8,-0.919662,0.154098
8,-0.851917,0.167872
8,-0.784171,0.183611
8,-0.716451,0.200665
8,-0.648706,0.220331
8,-0.580961,0.241971
8,-0.513216,0.265574
8,-0.445495,0.291151
8,-0.37775,0.319349
8,-0.310005,0.348862
8,-0.24226,0.380988
8,-0.17454,0.413771
8,-0.106795,0.44787
8,-0.0390744,0.482626
8,0.0286711,0.51804
8,0.0964158,0.552788
8,0.162419,0.586896
8,0.230164,0.61967
8,0.297909,0.651814
8,0.36563,0.681318
8,0.433374,0.709507
8,0.501095,0.735084
8,0.56884,0.758696
8,0.636585,0.780336
8,0.70433,0.800002
8,0.772075,0.817056
8,0.83982,0.832794
8,0.907541,0.84656
8,0.975286,0.858371
8,1.04303,0.869515
8,1.11078,0.878695
8,1.1785,0.88656
8,1.24447,0.893776
8,1.31222,0.899686
8,1.37994,0.905568
8,1.44769,0.910154
8,1.51541,0.9141
8,1.58315,0.917388
8,1.71862,0.922622
8,1.78636,0.925253
8,1.85411,0.927208
8,1.98957,0.929838
9,-2,0.0636122
9,-1.93397,0.0649093
9,-1.73076,0.0708194
9,-1.66302,0.0734408
9,-1.52755,0.0799994
9,-1.45981,0.0839363
9,-1.39209,0.0885217
9,-1.2566,0.100323
9,-1.18888,0.10754
9,-1.12113,0.115414
9,-1.05339,0.125242
9,-0.98564,0.135738
9,-0.919662,0.148206
9,-0.851917,0.161972
9,-0.784171,0.177701
9,-0.716451,0.195403
9,-0.648706,0.215079
9,-0.580961,0.236728
9,-0.513216,0.260989
9,-0.445495,0.287214
9,-0.37775,0.316079
9,-0.310005,0.346231
9,-0.24226,0.378366
9,-0.17454,0.411816
9,-0.106795,0.447222
9,0.0964158,0.553455
9,0.162419,0.58886
9,0.230164,0.622301
9,0.297909,0.654436
9,0.36563,0.684598
9,0.433374,0.713444
9,0.501095,0.739669
9,0.56884,0.763939
9,0.636585,0.785579
9,0.70433,0.805254
9,0.772075,0.822957
9,0.83982,0.838695
9,0.907541,0.85247
9,0.975286,0.86493
9,1.04303,0.875407
9,1.11078,0.885244
9,1.1785,0.893118
9,1.24447,0.900325
9,1.37994,0.912127
9,1.44769,0.916712
9,1.51541,0.920649
9,1.6509,0.927208
9,1.71862,0.929829
9,1.92183,0.93573
9,1.98957,0.937046
10,-2,0.05836
10,-1.93397,0.0596754
10,-1.73076,0.0655761
10,-1.66302,0.0681979
10,-1.52755,0.0747472
10,-1.45981,0.078684
10,-1.39209,0.0832787
10,-1.32434,0.0885219
10,-1.2566,0.0950803
10,-1.18888,0.102287
10,-1.12113,0.110161
10,-1.05339,0.119999
10,-0.98564,0.130485
10,-0.919662,0.142945
10,-0.851917,0.157377
10,-0.784171,0.173106
10,-0.716451,0.190818
10,-0.648706,0.210485
10,-0.580961,0.232791
10,-0.513216,0.257061
10,-0.445495,0.283944
10,-0.37775,0.31279
10,-0.310005,0.34361
10,-0.24226,0.376403
10,-0.17454,0.410501
10,-0.106795,0.445906
10,-0.0390744,0.481969
10,0.0286711,0.518699
10,0.0964158,0.554752
10,0.162419,0.590166
10,0.230164,0.624265
10,0.297909,0.657048
10,0.36563,0.687868
10,0.433374,0.716733
10,0.501095,0.743606
10,0.56884,0.767876
10,0.636585,0.790164
10,0.70433,0.80984
10,0.772075,0.827542
10,0.83982,0.84329
10,0.907541,0.857704
10,0.975286,0.870173
10,1.04303,0.880659
10,1.11078,0.890488
10,1.1785,0.898352
10,1.24447,0.905569
10,1.31222,0.912127
10,1.37994,0.917389
10,1.44769,0.921974
10,1.51541,0.925902
10,1.6509,0.932451
10,1.71862,0.935082
10,1.92183,0.940983
10,1.98957,0.942289
11,-2,0.0537743
11,-1.93397,0.0550804
11,-1.73076,0.0609814
11,-1.66302,0.0636122
11,-1.52755,0.0701615
11,-1.45981,0.0740984
11,-1.39209,0.0786837
11,-1.2566,0.0904856
11,-1.18888,0.0977017
11,-1.12113,0.106224
11,-1.05339,0.115413
11,-0.98564,0.126557
11,-0.919662,0.139007
11,-0.851917,0.152791
11,-0.784171,0.169169
11,-0.716451,0.186881
11,-0.648706,0.207214
11,-0.580961,0.229521
11,-0.513216,0.25443
11,-0.445495,0.281322
11,-0.37775,0.310169
11,-0.310005,0.341646
11,-0.24226,0.374429
11,-0.17454,0.409176
11,-0.106795,0.445257
11,0.0964158,0.555419
11,0.162419,0.591481
11,0.230164,0.626238
11,0.297909,0.659021
11,0.36563,0.690498
11,0.433374,0.719354
11,0.501095,0.746237
11,0.56884,0.771155
11,0.636585,0.793453
11,0.70433,0.813777
11,0.772075,0.831479
11,0.83982,0.847875
11,0.907541,0.861641
11,0.975286,0.87411
11,1.04303,0.885244
11,1.11078,0.894424
11,1.1785,0.902947
11,1.24447,0.910154
11,1.37994,0.921974
11,1.44769,0.92655
11,1.51541,0.930487
11,1.6509,0.937046
11,1.71862,0.939676
11,1.92183,0.945568
11,1.98957,0.946883
12,-2,0.0498375
12,-1.93397,0.0518014
12,-1.86625,0.0531074
12,-1.73076,0.0570446
12,-1.66302,0.0596754
12,-1.52755,0.0662247
12,-1.45981,0.0701615
12,-1.32434,0.080657
12,-1.2566,0.0865487
12,-1.12113,0.102287
12,-1.05339,0.112125
12,-0.98564,0.12263
12,-0.919662,0.135089
12,-0.851917,0.149503
12,-0.784171,0.165909
12,-0.716451,0.183611
12,-0.648706,0.203935
12,-0.580961,0.226223
12,-0.513216,0.25116
12,-0.445495,0.278691
12,-0.37775,0.308205
12,-0.310005,0.339673
12,-0.24226,0.373123
12,-0.17454,0.408528
12,-0.106795,0.4446
12,-0.0390744,0.481969
12,0.0286711,0.518699
12,0.0964158,0.556076
12,0.162419,0.59213
12,0.230164,0.627544
12,0.297909,0.660985
12,0.36563,0.692453
12,0.433374,0.721967
12,0.501095,0.749516
12,0.56884,0.774426
12,0.636585,0.796723
12,0.70433,0.817056
12,0.772075,0.834759
12,0.83982,0.851136
12,0.907541,0.865569
12,0.975286,0.878047
12,1.04303,0.888524
12,1.11078,0.898352
12,1.1785,0.906235
12,1.24447,0.9141
12,1.31222,0.919992
12,1.44769,0.930487
12,1.51541,0.934424
12,1.6509,0.940983
12,1.71862,0.943604
12,1.85411,0.947541
12,1.92183,0.948847
12,1.98957,0.95082
13,-2,0.0472067
13,-1.93397,0.0485221
13,-1.86625,0.0498375
13,-1.79851,0.0518014
13,-1.5953,0.0596754
13,-1.52755,0.0629454
13,-1.45981,0.0675494
13,-1.39209,0.0721348
13,-1.32434,0.0773777
13,-1.2566,0.0839363
13,-1.18888,0.0911434
13,-1.12113,0.0990171
13,-1.05339,0.108846
13,-0.98564,0.119999
13,-0.919662,0.132458
13,-0.851917,0.146233
13,-0.784171,0.16262
13,-0.716451,0.18098
13,-0.648706,0.201314
13,-0.580961,0.223601
13,-0.513216,0.248539
13,-0.445495,0.27607
13,-0.37775,0.306232
13,-0.310005,0.337718
13,-0.24226,0.371808
13,-0.17454,0.407213
13,-0.106795,0.443933
13,-0.0390744,0.48132
13,0.0286711,0.519347
13,0.0964158,0.556725
13,0.162419,0.593445
13,0.230164,0.62886
13,0.297909,0.662958
13,0.36563,0.694426
13,0.433374,0.724597
13,0.501095,0.752138
13,0.56884,0.777047
13,0.636585,0.799354
13,0.70433,0.819678
13,0.772075,0.838028
13,0.83982,0.854434
13,0.907541,0.8682
13,0.975286,0.880659
13,1.04303,0.891812
13,1.11078,0.90165
13,1.1785,0.909515
13,1.24447,0.916722
13,1.31222,0.92328
13,1.37994,0.928514
13,1.51541,0.937703
13,1.58315,0.940983
13,1.78636,0.948847
13,1.85411,0.95083
13,1.98957,0.953433
14,-2,0.0439367
14,-1.93397,0.0459099
14,-1.86625,0.0472067
14,-1.73076,0.0511438
14,-1.66302,0.0537746
14,-1.52755,0.0603239
14,-1.45981,0.0642608
14,-1.39209,0.0688461
14,-1.2566,0.080657
14,-1.18888,0.0878641
14,-1.12113,0.0963957
14,-1.05339,0.106224
14,-0.98564,0.11672
14,-0.919662,0.129828
14,-0.851917,0.143602
14,-0.784171,0.159999
14,-0.716451,0.178359
14,-0.648706,0.198692
14,-0.580961,0.221647
14,-0.513216,0.246566
14,-0.445495,0.274106
14,-0.37775,0.304268
14,-0.310005,0.336394
14,-0.24226,0.370501
14,-0.17454,0.406564
14,-0.106795,0.443285
14,-0.0390744,0.48132
14,0.0964158,0.557383
14,0.162419,0.594103
14,0.230164,0.630175
14,0.297909,0.664274
14,0.36563,0.69639
14,0.433374,0.726561
14,0.501095,0.754111
14,0.56884,0.77902
14,0.636585,0.801975
14,0.70433,0.822299
14,0.772075,0.840659
14,0.83982,0.857056
14,0.907541,0.870821
14,0.975286,0.883938
14,1.04303,0.894425
14,1.11078,0.904272
14,1.1785,0.912785
14,1.24447,0.920001
14,1.31222,0.925911
14,1.37994,0.931793
14,1.44769,0.936379
14,1.51541,0.940316
14,1.6509,0.946884
14,1.71862,0.949496
14,1.85411,0.953433
14,1.92183,0.954748
14,1.98957,0.956721
15,-2,0.0419728
15,-1.93397,0.0432698
15,-1.86625,0.0445852
15,-1.79851,0.0465582
15,-1.5953,0.0544228
15,-1.52755,0.0577021
15,-1.39209,0.0668822
15,-1.32434,0.0721348
15,-1.2566,0.078684
15,-1.18888,0.0859002
15,-1.12113,0.0937742
15,-1.05339,0.103603
15,-0.98564,0.114756
15,-0.919662,0.127215
15,-0.851917,0.141638
15,-0.784171,0.157377
15,-0.716451,0.175737
15,-0.648706,0.196719
15,-0.580961,0.219025
15,-0.513216,0.244602
15,-0.445495,0.272133
15,-0.37775,0.302295
15,-0.310005,0.335087
15,-0.24226,0.369186
15,-0.17454,0.405258
15,-0.106795,0.442627
15,-0.0390744,0.48132
15,0.0286711,0.519347
15,0.0964158,0.55804
15,0.162419,0.595418
15,0.230164,0.631472
15,0.297909,0.66558
15,0.36563,0.698363
15,0.433374,0.728534
15,0.501095,0.756075
15,0.56884,0.781642
15,0.636585,0.803939
15,0.70433,0.824921
15,0.772075,0.84329
15,0.83982,0.859019
15,0.907541,0.873452
15,0.975286,0.885902
15,1.04303,0.897046
15,1.11078,0.906875
15,1.1785,0.914749
15,1.24447,0.921965
15,1.31222,0.928514
15,1.37994,0.933766
15,1.51541,0.942956
15,1.58315,0.946226
15,1.78636,0.95409
15,1.85411,0.956064
15,1.98957,0.958685
16,-2,0.0399996
16,-1.93397,0.0413056
16,-1.86625,0.042621
16,-1.73076,0.0465582
16,-1.66302,0.0491796
16,-1.52755,0.0557382
16,-1.45981,0.0596751
16,-1.39209,0.0642605
16,-1.2566,0.0760623
16,-1.18888,0.0832784
16,-1.12113,0.091801
16,-1.05339,0.101639
16,-0.98564,0.112125
16,-0.919662,0.124593
16,-0.851917,0.139007
16,-0.784171,0.155404
16,-0.716451,0.173764
16,-0.648706,0.194097
16,-0.580961,0.217052
16,-0.513216,0.242638
16,-0.445495,0.270827
16,-0.37775,0.300988
16,-0.310005,0.333781
16,-0.24226,0.367871
16,-0.17454,0.404591
16,-0.106795,0.442627
16,-0.0390744,0.480663
16,0.0286711,0.520005
16,0.0964158,0.55804
16,0.162419,0.596067
16,0.230164,0.632787
16,0.297909,0.666886
16,0.36563,0.699679
16,0.433374,0.72984
16,0.501095,0.758048
16,0.56884,0.783615
16,0.636585,0.80656
16,0.70433,0.826894
16,0.772075,0.845254
16,0.83982,0.861641
16,0.907541,0.876073
16,0.975286,0.888524
16,1.04303,0.89901
16,1.11078,0.908848
16,1.1785,0.917388
16,1.24447,0.924586
16,1.37994,0.936379
16,1.44769,0.940982
16,1.51541,0.94491
16,1.6509,0.951478
16,1.71862,0.95409
16,1.78636,0.956063
16,1.85411,0.958018
16,1.98957,0.960658
17,-2,0.0380359
17,-1.93397,0.039342
17,-1.86625,0.0406574
17,-1.79851,0.0426213
17,-1.73076,0.0452431
17,-1.66302,0.0472067
17,-1.52755,0.0537746
17,-1.45981,0.0577021
17,-1.39209,0.0622968
17,-1.2566,0.0740987
17,-1.18888,0.0813148
17,-1.12113,0.0898373
17,-1.05339,0.0990174
17,-0.98564,0.110161
17,-0.919662,0.12263
17,-0.851917,0.137044
17,-0.784171,0.15344
17,-0.716451,0.1718
17,-0.648706,0.192134
17,-0.580961,0.215079
17,-0.513216,0.240665
17,-0.445495,0.268863
17,-0.37775,0.299682
17,-0.310005,0.332466
17,-0.24226,0.367222
17,-0.17454,0.403943
17,-0.106795,0.441969
17,-0.0390744,0.480663
17,0.0286711,0.520005
17,0.0964158,0.558689
17,0.162419,0.596725
17,0.230164,0.633445
17,0.297909,0.668202
17,0.36563,0.700985
17,0.433374,0.731814
17,0.501095,0.760002
17,0.56884,0.785579
17,0.636585,0.808525
17,0.70433,0.828858
17,0.772075,0.847218
17,0.83982,0.863605
17,0.907541,0.878047
17,0.975286,0.890488
17,1.04303,0.90165
17,1.11078,0.910821
17,1.1785,0.919343
17,1.24447,0.926559
17,1.37994,0.938352
17,1.44769,0.942956
17,1.51541,0.946884
17,1.6509,0.953433
17,1.71862,0.955406
17,1.78636,0.958018
17,1.85411,0.959991
17,1.98957,0.962622
18,-2,0.0360627
18,-1.93397,0.0373781
18,-1.73076,0.0432698
18,-1.66302,0.0459097
18,-1.5953,0.0485221
18,-1.45981,0.0563868
18,-1.39209,0.0609814
18,-1.32434,0.0662247
18,-1.2566,0.0721348
18,-1.18888,0.0793416
18,-1.12113,0.0878641
18,-1.05339,0.0977017
18,-0.98564,0.108188
18,-0.919662,0.121305
18,-0.851917,0.135089
18,-0.784171,0.151467
18,-0.716451,0.169836
18,-0.648706,0.190818
18,-0.580961,0.213782
18,-0.513216,0.239349
18,-0.445495,0.267538
18,-0.37775,0.297709
18,-0.310005,0.331159
18,-0.24226,0.365907
18,-0.17454,0.403285
18,-0.106795,0.441321
18,-0.0390744,0.480663
18,0.0964158,0.559347
18,0.162419,0.597382
18,0.230164,0.63476
18,0.297909,0.669517
18,0.36563,0.702958
18,0.433374,0.73312
18,0.501095,0.761309
18,0.56884,0.786885
18,0.636585,0.80984
18,0.70433,0.830831
18,0.772075,0.849182
18,0.83982,0.865569
18,0.907541,0.879343
18,0.975286,0.892461
18,1.04303,0.902947
18,1.11078,0.912785
18,1.1785,0.921316
18,1.24447,0.928514
18,1.31222,0.934424
18,1.37994,0.939676
18,1.44769,0.944253
18,1.58315,0.952127
18,1.71862,0.95737
18,1.92183,0.963271
18,1.98957,0.964586
19,-2,0.0347473
19,-1.93397,0.0360627
19,-1.86625,0.0373781
19,-1.79851,0.039342
19,-1.73076,0.0419728
19,-1.5953,0.0472067
19,-1.52755,0.0504953
19,-1.45981,0.0544228
19,-1.39209,0.0590175
19,-1.32434,0.0649093
19,-1.2566,0.0708194
19,-1.18888,0.0780262
19,-1.12113,0.0865487
19,-1.05339,0.0957288
19,-0.98564,0.106891
19,-0.919662,0.119341
19,-0.851917,0.133764
19,-0.784171,0.150161
19,-0.716451,0.168521
19,-0.648706,0.188845
19,-0.580961,0.211809
19,-0.513216,0.237376
19,-0.445495,0.266241
19,-0.37775,0.296403
19,-0.310005,0.329844
19,-0.24226,0.365249
19,-0.17454,0.402627
19,-0.106795,0.440663
19,-0.0390744,0.480663
19,0.0286711,0.520005
19,0.0964158,0.560013
19,0.162419,0.598031
19,0.230164,0.635409
19,0.297909,0.670823
19,0.36563,0.704264
19,0.433374,0.734435
19,0.501095,0.763282
19,0.56884,0.788858
19,0.636585,0.811804
19,0.70433,0.832137
19,0.772075,0.850497
19,0.83982,0.866893
19,0.907541,0.881298
19,0.975286,0.893767
19,1.04303,0.904911
19,1.11078,0.9141
19,1.1785,0.922613
19,1.24447,0.929829
19,1.37994,0.941631
19,1.44769,0.946226
19,1.51541,0.950153
19,1.58315,0.953433
19,1.78636,0.961307
19,1.85411,0.963271
19,1.98957,0.965892
20,-2,0.0334412
20,-1.93397,0.0347473
20,-1.86625,0.0360627
20,-1.79851,0.0380359
20,-1.73076,0.0406574
20,-1.66302,0.0426213
20,-1.5953,0.0459099
20,-1.52755,0.0491799
20,-1.45981,0.0531074
20,-1.39209,0.0577021
20,-1.32434,0.0629454
20,-1.2566,0.069504
20,-1.18888,0.0767201
20,-1.12113,0.0845848
20,-1.05339,0.0944227
20,-0.98564,0.104918
20,-0.919662,0.117368
20,-0.851917,0.131801
20,-0.784171,0.148206
20,-0.716451,0.166557
20,-0.648706,0.187548
20,-0.580961,0.210485
20,-0.513216,0.23607
20,-0.445495,0.264278
20,-0.37775,0.295746
20,-0.310005,0.328529
20,-0.24226,0.364601
20,-0.17454,0.401979
20,-0.106795,0.440663
20,-0.0390744,0.480005
20,0.0286711,0.520662
20,0.0964158,0.560013
20,0.162419,0.598689
20,0.230164,0.636076
20,0.297909,0.672138
20,0.36563,0.704922
20,0.433374,0.736408
20,0.501095,0.764597
20,0.56884,0.790164
20,0.636585,0.813119
20,0.70433,0.834101
20,0.772075,0.85247
20,0.83982,0.868848
20,0.907541,0.883281
20,0.975286,0.895749
20,1.04303,0.906235
20,1.11078,0.916064
20,1.1785,0.923929
20,1.24447,0.931145
20,1.31222,0.937703
20,1.37994,0.942956
20,1.44769,0.947541
20,1.51541,0.951478
20,1.6509,0.958018
20,1.71862,0.959991
20,1.78636,0.962622
20,1.85411,0.964586
20,1.98957,0.967208
