# Fig. S5F: measured % phosphorylation, CD3z C1 tyrosine-to-phenylalanine mutant, 10% POPS
# Digitized from Rohrs et al. (2018) Biophys J 115:1116-1129 by digitize_rohrs2018.py
time_min,A1,A1_SD,A2,A2_SD,B1,B1_SD,B2,B2_SD,C1,C1_SD,C2,C2_SD
0.1,0.422638,,0.226732,,0.453106,0.261205,0.422638,,0.196264,,0.779632,
1.00095,7.70598,0.62255,1.30639,0.195907,3.1958,0.195907,6.79175,0.818457,0.196264,,2.02036,0.161076
4.99347,31.8067,1.79363,4.63243,0.783626,7.37512,0.265567,19.3994,0.914234,0.196264,,7.77564,0.265556
10.0326,42.7774,4.44489,16.3955,1.95905,22.203,3.66125,41.2799,1.95905,0.196264,,19.1991,0.457112
30.0024,74.5229,1.89376,29.6561,0.618188,35.7249,1.0753,60.6789,6.00776,0.196264,,35.7249,0.62255
59.8716,90.7918,,59.1726,3.10401,61.4625,0.753147,83.8654,0.653018,0.196264,,55.1239,0.879415
180.02,97.5179,0.161087,90.0735,0.100129,85.2411,1.04482,95.0712,,0.196264,,86.6778,0.130597
