# Fig. S5D: measured % phosphorylation, CD3z A1 tyrosine-to-phenylalanine mutant, 10% POPS
# Digitized from Rohrs et al. (2018) Biophys J 115:1116-1129 by digitize_rohrs2018.py
time_min,A1,A1_SD,A2,A2_SD,B1,B1_SD,B2,B2_SD,C1,C1_SD,C2,C2_SD
0.1,0.165157,,0.069297,0.0653501,1.17578,0.0653501,3.20574,1.30686,0.45701,,0.783727,0.196028
0.99705,0.165157,,1.82922,0.553221,7.58804,2.1563,15.7515,3.10158,7.45736,0.949653,2.22125,2.70954
5.00645,0.165157,,7.38766,1.47237,20.5868,1.43752,35.1625,3.36731,13.4689,1.82958,10.2017,1.17617
9.99525,0.165157,,11.5086,0.161176,32.5488,7.64507,48.2397,8.46402,21.2402,0.261367,15.4901,1.14566
29.9124,0.165157,,33.2719,4.41279,53.5281,3.62433,69.672,1.30685,36.147,3.85521,29.6128,0.622936
60.1262,0.165157,,47.4556,3.78986,61.4388,0.618559,82.2264,0.557585,42.8816,2.77923,39.2834,1.46802
179.937,0.165157,,74.8384,1.17616,86.8614,0.196017,90.7819,0.818941,74.0543,2.09095,68.7572,1.7991
