panel,observable,lane,ifnb_h,polyic_h,model,model_on_axis_floor,model_above_axis,blot_shown,blot_shown_on_axis_floor,blot_shown_above_axis,blot_replicate,blot_replicate_on_axis_floor,blot_replicate_above_axis
S4A,p-STAT1,1,,,0.1024,1,0,0.1570,0,0,0.1207,0,0
S4A,p-STAT1,2,24,,2.8786,0,0,3.0171,0,0,,,
S4A,p-STAT1,3,26,,2.7465,0,0,3.9686,0,0,,,
S4A,p-STAT1,4,28,,2.6204,0,0,2.5103,0,0,1.6768,0,0
S4A,p-STAT1,5,30,,2.5001,0,0,2.5183,0,0,3.6275,0,0
S4A,p-STAT1,6,34,,2.0717,0,0,1.9232,0,0,1.2068,0,0
S4A,p-STAT1,7,26,2,2.3853,0,0,2.5212,0,0,3.6569,0,0
S4A,p-STAT1,8,28,4,0.7906,0,0,0.5429,0,0,0.8254,0,0
S4A,p-STAT1,9,30,6,0.3017,0,0,0.1894,0,0,0.2812,0,0
S4A,p-STAT1,10,34,10,0.2171,0,0,0.1461,0,0,,,
S4A,STAT1,1,,,0.2879,0,0,0.2959,0,0,0.1450,0,0
S4A,STAT1,2,24,,1.1514,0,0,0.7906,0,0,1.8775,0,0
S4A,STAT1,3,26,,1.2068,0,0,1.7506,0,0,1.2115,0,0
S4A,STAT1,4,28,,1.2355,0,0,1.7575,0,0,1.1788,0,0
S4A,STAT1,5,30,,1.2949,0,0,1.1719,0,0,1.9686,0,0
S4A,STAT1,6,34,,1.3572,0,0,1.9242,0,0,1.2893,0,0
S4A,STAT1,7,26,2,1.1788,0,0,0.8094,0,0,1.2018,0,0
S4A,STAT1,8,28,4,1.0985,0,0,1.1550,0,0,0.7543,0,0
S4A,STAT1,9,30,6,1.0238,0,0,0.6678,0,0,1.5205,0,0
S4A,STAT1,10,34,10,0.8483,0,0,0.8892,0,0,0.4292,0,0
S4A,p-STAT2,1,,,0.1024,1,0,0.1677,0,0,0.1255,0,0
S4A,p-STAT2,2,24,,2.8786,0,0,2.6204,0,0,3.1506,0,0
S4A,p-STAT2,3,26,,2.7465,0,0,3.0888,0,0,2.6204,0,0
S4A,p-STAT2,4,28,,2.6204,0,0,2.6716,0,0,1.5627,0,0
S4A,p-STAT2,5,30,,2.5001,0,0,1.3010,0,0,2.6090,0,0
S4A,p-STAT2,6,34,,2.1210,0,0,1.3572,0,0,0.8611,0,0
S4A,p-STAT2,7,26,2,2.5001,0,0,2.2155,0,0,4.2742,0,0
S4A,p-STAT2,8,28,4,0.8286,0,0,0.8748,0,0,,,
S4A,p-STAT2,9,30,6,0.3017,0,0,0.4498,0,0,0.3162,0,0
S4A,p-STAT2,10,34,10,0.2171,0,0,0.2204,0,0,0.3366,0,0
S4A,STAT2,1,,,0.1638,0,0,0.1683,0,0,0.1068,1,0
S4A,STAT2,2,24,,1.2355,0,0,1.2897,0,0,,,
S4A,STAT2,3,26,,1.2949,0,0,1.8859,0,0,,,
S4A,STAT2,4,28,,1.3572,0,0,1.3572,0,0,0.8719,0,0
S4A,STAT2,5,30,,1.3895,0,0,1.2949,0,0,2.0640,0,0
S4A,STAT2,6,34,,1.4910,0,0,1.4164,0,0,,,
S4A,STAT2,7,26,2,1.2649,0,0,1.2596,0,0,1.8359,0,0
S4A,STAT2,8,28,4,1.1788,0,0,1.1613,0,0,,,
S4A,STAT2,9,30,6,1.0985,0,0,0.7690,0,0,1.1065,0,0
S4A,STAT2,10,34,10,0.9103,0,0,0.9541,0,0,0.5825,0,0
S4A,PKR,1,,,0.5558,0,0,0.3742,0,0,0.3028,0,0
S4A,PKR,2,24,,1.2355,0,0,1.2410,0,0,,,
S4A,PKR,3,26,,1.2649,0,0,1.8421,0,0,1.2452,0,0
S4A,PKR,4,28,,1.2649,0,0,1.2021,0,0,0.7939,0,0
S4A,PKR,5,30,,1.2949,0,0,1.8789,0,0,2.2581,0,0
S4A,PKR,6,34,,1.2949,0,0,1.2355,0,0,,,
S4A,PKR,7,26,2,1.2355,0,0,1.1247,0,0,1.3466,0,0
S4A,PKR,8,28,4,1.0000,0,0,0.9541,0,0,,,
S4A,PKR,9,30,6,0.8094,0,0,0.7221,0,0,1.1744,0,0
S4A,PKR,10,34,10,0.5059,0,0,0.7906,0,0,,,
S4A,p-eIF2a,1,,,0.5059,0,0,0.5447,0,0,0.2560,0,0
S4A,p-eIF2a,2,24,,0.5059,0,0,0.3418,0,0,0.5179,0,0
S4A,p-eIF2a,3,26,,0.5059,0,0,0.7368,0,0,0.2812,0,0
S4A,p-eIF2a,4,28,,0.5059,0,0,0.7691,0,0,0.4962,0,0
S4A,p-eIF2a,5,30,,0.5059,0,0,0.3327,0,0,0.8067,0,0
S4A,p-eIF2a,6,34,,0.5059,0,0,0.7691,0,0,0.5447,0,0
S4A,p-eIF2a,7,26,2,2.5595,0,0,1.1788,0,0,4.9622,0,0
S4A,p-eIF2a,8,28,4,3.6410,0,0,3.7441,0,0,2.3853,0,0
S4A,p-eIF2a,9,30,6,3.4739,0,0,2.3853,0,0,5.4512,0,0
S4A,p-eIF2a,10,34,10,2.5595,0,0,3.8162,0,0,4.8270,0,0
S4A,RIG-I,1,,,0.1456,0,0,0.0958,1,0,0.1384,0,0
S4A,RIG-I,2,24,,1.2355,0,0,1.2949,0,0,,,
S4A,RIG-I,3,26,,1.2949,0,0,1.2068,0,0,2.3396,0,0
S4A,RIG-I,4,28,,1.3572,0,0,1.4855,0,0,0.8647,0,0
S4A,RIG-I,5,30,,1.4225,0,0,1.2873,0,0,2.7557,0,0
S4A,RIG-I,6,34,,1.4910,0,0,1.3949,0,0,1.0043,0,0
S4A,RIG-I,7,26,2,1.2949,0,0,1.3572,0,0,,,
S4A,RIG-I,8,28,4,1.2355,0,0,1.2018,0,0,,,
S4A,RIG-I,9,30,6,1.1247,0,0,1.7167,0,0,0.5429,0,0
S4A,RIG-I,10,34,10,0.9319,0,0,1.0200,0,0,1.4173,0,0
S4A,p-IRF3,1,,,0.2879,0,0,0.3089,0,0,,,
S4A,p-IRF3,2,24,,0.2879,0,0,0.3029,0,0,,,
S4A,p-IRF3,3,26,,0.2879,0,0,0.4498,0,0,0.3017,0,0
S4A,p-IRF3,4,28,,0.2879,0,0,0.2947,0,0,,,
S4A,p-IRF3,5,30,,0.2879,0,0,0.3251,0,0,0.2821,0,0
S4A,p-IRF3,6,34,,0.2879,0,0,0.9623,0,0,0.2879,0,0
S4A,p-IRF3,7,26,2,2.3853,0,0,2.5595,0,0,5.4062,0,0
S4A,p-IRF3,8,28,4,7.0297,0,0,4.5868,0,0,7.2421,0,0
S4A,p-IRF3,9,30,6,9.3194,0,0,2.4421,0,0,6.1054,0,0
S4A,p-IRF3,10,34,10,9.7678,0,1,6.2506,0,0,4.5868,0,0
S4A,IkBa,1,,,2.6204,0,0,2.8212,0,0,1.7092,0,0
S4A,IkBa,2,24,,2.6204,0,0,1.7993,0,0,2.5595,0,0
S4A,IkBa,3,26,,2.6204,0,0,3.7276,0,0,2.4421,0,0
S4A,IkBa,4,28,,2.6204,0,0,2.5103,0,0,,,
S4A,IkBa,5,30,,2.6204,0,0,1.5264,0,0,2.6088,0,0
S4A,IkBa,6,34,,2.6204,0,0,2.3300,0,0,2.7889,0,0
S4A,IkBa,7,26,2,0.8685,0,0,0.8447,0,0,,,
S4A,IkBa,8,28,4,0.1456,0,0,0.3556,0,0,0.2812,0,0
S4A,IkBa,9,30,6,0.1563,0,0,0.2322,0,0,0.1550,0,0
S4A,IkBa,10,34,10,0.2171,0,0,0.1357,0,0,,,
S4A,A20,1,,,0.7722,0,0,,,,0.5020,0,0
S4A,A20,2,24,,0.9319,0,0,1.3841,0,0,0.4274,0,0
S4A,A20,3,26,,0.9319,0,0,1.3302,0,0,0.9103,0,0
S4A,A20,4,28,,0.9541,0,0,1.3895,0,0,0.6551,0,0
S4A,A20,5,30,,0.9541,0,0,1.4409,0,0,,,
S4A,A20,6,34,,0.9768,0,0,1.0481,0,0,1.5564,0,0
S4A,A20,7,26,2,1.0481,0,0,1.0238,0,0,1.9307,0,0
S4A,A20,8,28,4,1.1247,0,0,0.6969,0,0,0.5468,0,0
S4A,A20,9,30,6,1.1788,0,0,0.8031,0,0,1.2691,0,0
S4A,A20,10,34,10,1.3572,0,0,0.7091,0,0,0.9103,0,0
S4A,RNase L,1,,,0.6707,0,0,0.3728,0,0,0.2286,0,0
S4A,RNase L,2,24,,1.0730,0,0,0.7089,0,0,0.4626,0,0
S4A,RNase L,3,26,,1.1247,0,0,1.0687,0,0,,,
S4A,RNase L,4,28,,1.1247,0,0,0.7751,0,0,0.5558,0,0
S4A,RNase L,5,30,,1.1514,0,0,1.7103,0,0,,,
S4A,RNase L,6,34,,1.1788,0,0,1.0985,0,0,0.7573,0,0
S4A,RNase L,7,26,2,1.0730,0,0,1.1514,0,0,,,
S4A,RNase L,8,28,4,1.0238,0,0,1.0730,0,0,1.4910,0,0
S4A,RNase L,9,30,6,0.9319,0,0,1.3213,0,0,1.9227,0,0
S4A,RNase L,10,34,10,0.7722,0,0,1.5561,0,0,1.2109,0,0
S4C,p-STAT1,1,,,0.1179,0,0,0.2442,0,0,0.1931,0,0
S4C,p-STAT1,2,,2,0.4498,0,0,0.4278,0,0,0.7722,0,0
S4C,p-STAT1,3,,4,3.6410,0,0,3.9201,0,0,5.8505,0,0
S4C,p-STAT1,4,,6,1.9766,0,0,0.8721,0,0,0.6866,0,0
S4C,p-STAT1,5,,10,0.4942,0,0,0.3162,0,0,0.2452,0,0
S4C,p-STAT1,6,24,,4.1923,0,0,6.8381,0,0,4.3940,0,0
S4C,STAT1,1,,,0.7030,0,0,0.7368,0,0,,,
S4C,STAT1,2,,2,0.7030,0,0,0.7906,0,0,0.6732,0,0
S4C,STAT1,3,,4,0.7368,0,0,0.6893,0,0,0.8319,0,0
S4C,STAT1,4,,6,0.7906,0,0,0.8127,0,0,,,
S4C,STAT1,5,,10,0.8685,0,0,0.5580,0,0,,,
S4C,STAT1,6,24,,3.0171,0,0,3.3022,0,0,,,
S4C,p-STAT2,1,,,0.1491,0,0,0.2549,0,0,,,
S4C,p-STAT2,2,,2,0.4942,0,0,,,,0.5202,0,0
S4C,p-STAT2,3,,4,2.3853,0,0,3.4883,0,0,,,
S4C,p-STAT2,4,,6,1.7167,0,0,1.0821,0,0,,,
S4C,p-STAT2,5,,10,0.5964,0,0,0.3816,0,0,,,
S4C,p-STAT2,6,24,,5.4287,0,0,,,,5.3026,0,0
S4C,STAT2,1,,,0.5825,0,0,0.9278,0,0,1.2027,0,0
S4C,STAT2,2,,2,0.5825,0,0,0.8651,0,0,,,
S4C,STAT2,3,,4,0.6707,0,0,0.7001,0,0,,,
S4C,STAT2,4,,6,0.8094,0,0,0.5558,0,0,,,
S4C,STAT2,5,,10,1.0238,0,0,0.3923,0,0,,,
S4C,STAT2,6,24,,4.8270,0,0,7.5764,0,0,,,
S4C,PKR,1,,,0.9319,0,0,1.7426,0,0,3.1483,0,0
S4C,PKR,2,,2,0.8892,0,0,0.9768,0,0,,,
S4C,PKR,3,,4,0.8685,0,0,0.8483,0,0,,,
S4C,PKR,4,,6,0.8286,0,0,0.5690,0,0,0.4310,0,0
S4C,PKR,5,,10,0.7368,0,0,0.3474,0,0,0.2560,0,0
S4C,PKR,6,24,,2.0717,0,0,3.0059,0,0,,,
S4C,p-eIF2a,1,,,0.3816,0,0,0.2489,0,0,0.3641,0,0
S4C,p-eIF2a,2,,2,1.2068,0,0,1.3302,0,0,1.1288,0,0
S4C,p-eIF2a,3,,4,1.8859,0,0,1.6825,0,0,1.9921,0,0
S4C,p-eIF2a,4,,6,1.9766,0,0,2.7915,0,0,,,
S4C,p-eIF2a,5,,10,1.7993,0,0,2.0236,0,0,1.7575,0,0
S4C,p-eIF2a,6,24,,0.3816,0,0,0.3713,0,0,,,
S4C,RIG-I,1,,,0.5690,0,0,0.5535,0,0,0.8452,0,0
S4C,RIG-I,2,,2,0.5690,0,0,1.1514,0,0,0.5690,0,0
S4C,RIG-I,3,,4,0.6707,0,0,1.0000,0,0,0.6589,0,0
S4C,RIG-I,4,,6,0.8483,0,0,0.5964,0,0,,,
S4C,RIG-I,5,,10,1.1247,0,0,0.6277,0,0,0.4958,0,0
S4C,RIG-I,6,24,,5.4287,0,0,5.0405,0,0,11.8355,0,1
S4C,p-IRF3,1,,,0.1491,0,0,0.3237,0,0,0.4806,0,0
S4C,p-IRF3,2,,2,0.8094,0,0,1.3257,0,0,,,
S4C,p-IRF3,3,,4,2.7465,0,0,1.6379,0,0,,,
S4C,p-IRF3,4,,6,3.9998,0,0,2.0320,0,0,2.7047,0,0
S4C,p-IRF3,5,,10,5.5577,0,0,2.7465,0,0,2.0794,0,0
S4C,p-IRF3,6,24,,0.1491,0,0,0.2800,0,0,0.1594,0,0
S4C,IkBa,1,,,1.4910,0,0,3.7276,0,0,2.3757,0,0
S4C,IkBa,2,,2,1.4225,0,0,2.0717,0,0,1.4621,0,0
S4C,IkBa,3,,4,1.3257,0,0,0.7030,0,0,0.9103,0,0
S4C,IkBa,4,,6,0.8286,0,0,0.5258,0,0,0.4306,0,0
S4C,IkBa,5,,10,0.3907,0,0,0.2620,0,0,0.4278,0,0
S4C,IkBa,6,24,,1.4910,0,0,1.6318,0,0,2.2230,0,0
S4C,A20,1,,,0.7906,0,0,1.2596,0,0,,,
S4C,A20,2,,2,0.7906,0,0,0.8061,0,0,,,
S4C,A20,3,,4,0.9768,0,0,0.9139,0,0,1.1029,0,0
S4C,A20,4,,6,1.2355,0,0,0.7939,0,0,,,
S4C,A20,5,,10,1.7993,0,0,0.8892,0,0,,,
S4C,A20,6,24,,0.9319,0,0,2.1122,0,0,1.5197,0,0
S4C,RNase L,1,,,1.0000,0,0,1.6699,0,0,2.2230,0,0
S4C,RNase L,2,,2,0.9768,0,0,0.8962,0,0,,,
S4C,RNase L,3,,4,0.9768,0,0,1.0436,0,0,,,
S4C,RNase L,4,,6,0.9319,0,0,0.9728,0,0,,,
S4C,RNase L,5,,10,0.8685,0,0,0.8064,0,0,,,
S4C,RNase L,6,24,,1.6379,0,0,1.0985,0,0,0.8855,0,0
S4B,OAS3,1,,,0.5722,0,0,0.3186,0,0,0.4037,0,0
S4B,OAS3,2,24,,1.0723,0,0,1.1233,0,0,1.6166,0,0
S4B,OAS3,3,26,,1.0975,0,0,1.2001,0,0,,,
S4B,OAS3,4,28,,1.1233,0,0,1.1329,0,0,,,
S4B,OAS3,5,30,,1.1498,0,0,1.0515,0,0,,,
S4B,OAS3,6,34,,1.1768,0,0,1.1233,0,0,,,
S4B,OAS3,7,48,,1.2328,0,0,1.1814,0,0,,,
S4B,OAS3,8,26,2,1.0975,0,0,1.1718,0,0,,,
S4B,OAS3,9,28,4,1.0000,0,0,1.0681,0,0,1.4913,0,0
S4B,OAS3,10,30,6,0.9112,0,0,1.4508,0,0,0.6160,0,0
S4B,OAS3,11,34,10,0.7925,0,0,0.7743,0,0,,,
S4D,OAS3,1,,,0.9112,0,0,0.6045,0,0,1.0000,0,0
S4D,OAS3,2,,2,0.9112,0,0,0.9075,0,0,1.3008,0,0
S4D,OAS3,3,,4,0.9112,0,0,0.9326,0,0,,,
S4D,OAS3,4,,6,0.8902,0,0,0.9581,0,0,,,
S4D,OAS3,5,,10,0.8302,0,0,1.2381,0,0,0.5591,0,0
S4D,OAS3,6,24,,1.7475,0,0,1.6298,0,0,1.1814,0,0
